city_from,city_to,travel_time
Miasto_0,Miasto_185,15
Miasto_0,Miasto_472,1
Miasto_0,Miasto_1428,8
Miasto_0,Miasto_1550,11
Miasto_1,Miasto_30,18
Miasto_1,Miasto_98,6
Miasto_1,Miasto_909,8
Miasto_1,Miasto_1569,13
Miasto_2,Miasto_949,15
Miasto_2,Miasto_1102,4
Miasto_2,Miasto_1338,16
Miasto_2,Miasto_1344,15
Miasto_3,Miasto_141,4
Miasto_3,Miasto_253,3
Miasto_3,Miasto_1474,1
Miasto_3,Miasto_1527,12
Miasto_4,Miasto_123,9
Miasto_4,Miasto_281,5
Miasto_4,Miasto_921,13
Miasto_4,Miasto_1310,7
Miasto_5,Miasto_398,1
Miasto_5,Miasto_508,12
Miasto_5,Miasto_609,9
Miasto_5,Miasto_1042,7
Miasto_6,Miasto_501,15
Miasto_6,Miasto_1073,16
Miasto_6,Miasto_1106,15
Miasto_6,Miasto_1288,11
Miasto_7,Miasto_67,16
Miasto_7,Miasto_1029,18
Miasto_7,Miasto_1154,6
Miasto_7,Miasto_1548,15
Miasto_8,Miasto_96,4
Miasto_8,Miasto_324,9
Miasto_8,Miasto_797,12
Miasto_8,Miasto_862,6
Miasto_9,Miasto_152,6
Miasto_9,Miasto_351,13
Miasto_9,Miasto_529,7
Miasto_9,Miasto_993,1
Miasto_10,Miasto_256,3
Miasto_10,Miasto_433,8
Miasto_10,Miasto_962,1
Miasto_10,Miasto_1092,8
Miasto_11,Miasto_968,5
Miasto_11,Miasto_1051,14
Miasto_11,Miasto_1470,11
Miasto_11,Miasto_1521,3
Miasto_12,Miasto_107,3
Miasto_12,Miasto_546,9
Miasto_12,Miasto_831,2
Miasto_12,Miasto_1076,13
Miasto_13,Miasto_441,14
Miasto_13,Miasto_854,14
Miasto_13,Miasto_1017,9
Miasto_13,Miasto_1123,13
Miasto_14,Miasto_271,5
Miasto_14,Miasto_437,6
Miasto_14,Miasto_830,3
Miasto_14,Miasto_1445,1
Miasto_15,Miasto_112,10
Miasto_15,Miasto_661,6
Miasto_15,Miasto_1525,7
Miasto_15,Miasto_1597,9
Miasto_16,Miasto_568,18
Miasto_16,Miasto_1231,2
Miasto_16,Miasto_1337,14
Miasto_16,Miasto_1398,8
Miasto_17,Miasto_792,7
Miasto_17,Miasto_998,1
Miasto_17,Miasto_1100,12
Miasto_18,Miasto_139,14
Miasto_18,Miasto_401,17
Miasto_18,Miasto_1013,17
Miasto_19,Miasto_302,15
Miasto_19,Miasto_668,14
Miasto_19,Miasto_755,4
Miasto_19,Miasto_1044,5
Miasto_20,Miasto_43,8
Miasto_20,Miasto_310,8
Miasto_20,Miasto_960,11
Miasto_20,Miasto_1138,12
Miasto_21,Miasto_462,12
Miasto_21,Miasto_562,7
Miasto_21,Miasto_801,17
Miasto_21,Miasto_904,8
Miasto_22,Miasto_26,10
Miasto_22,Miasto_316,12
Miasto_22,Miasto_1052,16
Miasto_22,Miasto_1081,18
Miasto_23,Miasto_118,6
Miasto_23,Miasto_249,15
Miasto_23,Miasto_492,1
Miasto_23,Miasto_781,17
Miasto_24,Miasto_176,13
Miasto_24,Miasto_965,12
Miasto_24,Miasto_1162,5
Miasto_24,Miasto_1292,12
Miasto_25,Miasto_764,12
Miasto_25,Miasto_1083,5
Miasto_25,Miasto_1229,17
Miasto_25,Miasto_1366,6
Miasto_26,Miasto_92,15
Miasto_26,Miasto_186,3
Miasto_26,Miasto_595,5
Miasto_27,Miasto_47,18
Miasto_27,Miasto_236,3
Miasto_27,Miasto_260,4
Miasto_27,Miasto_949,2
Miasto_28,Miasto_330,9
Miasto_28,Miasto_1302,10
Miasto_28,Miasto_1315,7
Miasto_28,Miasto_1523,13
Miasto_29,Miasto_165,1
Miasto_29,Miasto_446,12
Miasto_29,Miasto_1163,12
Miasto_29,Miasto_1202,17
Miasto_30,Miasto_647,14
Miasto_30,Miasto_1213,8
Miasto_30,Miasto_1383,14
Miasto_31,Miasto_299,13
Miasto_31,Miasto_436,18
Miasto_31,Miasto_1422,15
Miasto_32,Miasto_233,7
Miasto_32,Miasto_886,17
Miasto_32,Miasto_1072,1
Miasto_32,Miasto_1540,4
Miasto_33,Miasto_382,18
Miasto_33,Miasto_583,10
Miasto_33,Miasto_645,14
Miasto_33,Miasto_687,13
Miasto_34,Miasto_160,11
Miasto_34,Miasto_404,10
Miasto_34,Miasto_1084,1
Miasto_34,Miasto_1451,6
Miasto_35,Miasto_327,12
Miasto_35,Miasto_566,6
Miasto_35,Miasto_669,13
Miasto_35,Miasto_1317,9
Miasto_36,Miasto_156,18
Miasto_36,Miasto_615,2
Miasto_36,Miasto_904,2
Miasto_36,Miasto_1295,9
Miasto_37,Miasto_418,12
Miasto_37,Miasto_442,3
Miasto_37,Miasto_530,1
Miasto_37,Miasto_734,12
Miasto_38,Miasto_142,12
Miasto_38,Miasto_255,9
Miasto_38,Miasto_767,10
Miasto_39,Miasto_95,15
Miasto_39,Miasto_1368,16
Miasto_39,Miasto_1380,8
Miasto_39,Miasto_1573,1
Miasto_40,Miasto_50,13
Miasto_40,Miasto_532,5
Miasto_40,Miasto_827,15
Miasto_40,Miasto_1571,15
Miasto_41,Miasto_950,1
Miasto_41,Miasto_1048,8
Miasto_41,Miasto_1263,6
Miasto_42,Miasto_125,15
Miasto_42,Miasto_485,4
Miasto_42,Miasto_981,12
Miasto_42,Miasto_1371,7
Miasto_43,Miasto_169,4
Miasto_43,Miasto_336,11
Miasto_43,Miasto_488,11
Miasto_44,Miasto_266,4
Miasto_44,Miasto_607,12
Miasto_44,Miasto_695,16
Miasto_44,Miasto_1524,13
Miasto_45,Miasto_494,4
Miasto_45,Miasto_618,1
Miasto_45,Miasto_1073,14
Miasto_45,Miasto_1106,14
Miasto_46,Miasto_107,10
Miasto_46,Miasto_546,8
Miasto_46,Miasto_701,8
Miasto_46,Miasto_1261,18
Miasto_47,Miasto_480,7
Miasto_47,Miasto_1047,1
Miasto_47,Miasto_1054,13
Miasto_48,Miasto_897,4
Miasto_48,Miasto_1258,3
Miasto_48,Miasto_1275,9
Miasto_48,Miasto_1309,6
Miasto_49,Miasto_663,1
Miasto_49,Miasto_1246,5
Miasto_49,Miasto_1351,1
Miasto_49,Miasto_1595,15
Miasto_50,Miasto_502,6
Miasto_50,Miasto_1019,17
Miasto_50,Miasto_1372,18
Miasto_51,Miasto_698,12
Miasto_51,Miasto_803,9
Miasto_51,Miasto_823,2
Miasto_51,Miasto_1404,1
Miasto_52,Miasto_465,18
Miasto_52,Miasto_486,5
Miasto_52,Miasto_514,2
Miasto_52,Miasto_807,17
Miasto_53,Miasto_728,5
Miasto_53,Miasto_1066,10
Miasto_53,Miasto_1206,16
Miasto_53,Miasto_1366,10
Miasto_54,Miasto_1424,11
Miasto_54,Miasto_1523,7
Miasto_54,Miasto_1530,4
Miasto_54,Miasto_1547,9
Miasto_55,Miasto_180,11
Miasto_55,Miasto_1133,8
Miasto_55,Miasto_1335,12
Miasto_55,Miasto_1586,5
Miasto_56,Miasto_183,15
Miasto_56,Miasto_319,3
Miasto_56,Miasto_1080,11
Miasto_56,Miasto_1165,6
Miasto_57,Miasto_218,5
Miasto_57,Miasto_1234,4
Miasto_57,Miasto_1308,2
Miasto_57,Miasto_1561,8
Miasto_58,Miasto_1031,14
Miasto_58,Miasto_1346,12
Miasto_58,Miasto_1498,4
Miasto_58,Miasto_1544,15
Miasto_59,Miasto_123,10
Miasto_59,Miasto_165,14
Miasto_59,Miasto_1109,15
Miasto_59,Miasto_1163,16
Miasto_60,Miasto_239,7
Miasto_60,Miasto_323,8
Miasto_60,Miasto_662,1
Miasto_60,Miasto_1330,14
Miasto_61,Miasto_314,11
Miasto_61,Miasto_403,8
Miasto_61,Miasto_444,10
Miasto_61,Miasto_1360,1
Miasto_62,Miasto_221,15
Miasto_62,Miasto_1268,10
Miasto_62,Miasto_1278,10
Miasto_62,Miasto_1450,12
Miasto_63,Miasto_316,3
Miasto_63,Miasto_457,13
Miasto_63,Miasto_967,16
Miasto_63,Miasto_1081,14
Miasto_64,Miasto_620,18
Miasto_64,Miasto_780,12
Miasto_64,Miasto_855,3
Miasto_64,Miasto_1247,5
Miasto_65,Miasto_592,3
Miasto_65,Miasto_669,17
Miasto_65,Miasto_1317,4
Miasto_65,Miasto_1393,18
Miasto_66,Miasto_152,5
Miasto_66,Miasto_309,15
Miasto_66,Miasto_351,5
Miasto_66,Miasto_1589,18
Miasto_67,Miasto_406,12
Miasto_67,Miasto_1410,6
Miasto_67,Miasto_1480,1
Miasto_68,Miasto_1183,13
Miasto_68,Miasto_1187,5
Miasto_68,Miasto_1321,4
Miasto_68,Miasto_1438,7
Miasto_69,Miasto_183,16
Miasto_69,Miasto_201,6
Miasto_69,Miasto_1058,17
Miasto_69,Miasto_1571,6
Miasto_70,Miasto_455,15
Miasto_70,Miasto_572,13
Miasto_70,Miasto_1417,8
Miasto_70,Miasto_1462,16
Miasto_71,Miasto_93,7
Miasto_71,Miasto_189,8
Miasto_71,Miasto_403,11
Miasto_71,Miasto_643,3
Miasto_72,Miasto_1318,12
Miasto_72,Miasto_1332,7
Miasto_72,Miasto_1425,18
Miasto_73,Miasto_164,2
Miasto_73,Miasto_400,15
Miasto_73,Miasto_909,17
Miasto_73,Miasto_1589,18
Miasto_74,Miasto_115,6
Miasto_74,Miasto_866,11
Miasto_74,Miasto_978,10
Miasto_74,Miasto_1241,4
Miasto_75,Miasto_140,1
Miasto_75,Miasto_436,5
Miasto_75,Miasto_1118,10
Miasto_76,Miasto_666,5
Miasto_76,Miasto_1155,2
Miasto_76,Miasto_1298,11
Miasto_76,Miasto_1334,11
Miasto_77,Miasto_629,7
Miasto_77,Miasto_744,16
Miasto_77,Miasto_911,9
Miasto_77,Miasto_1471,1
Miasto_78,Miasto_999,12
Miasto_78,Miasto_1055,5
Miasto_78,Miasto_1376,13
Miasto_78,Miasto_1575,1
Miasto_79,Miasto_303,1
Miasto_79,Miasto_908,18
Miasto_79,Miasto_1007,17
Miasto_80,Miasto_656,4
Miasto_80,Miasto_759,5
Miasto_80,Miasto_1223,8
Miasto_80,Miasto_1243,16
Miasto_81,Miasto_91,16
Miasto_81,Miasto_231,6
Miasto_81,Miasto_627,7
Miasto_81,Miasto_1373,6
Miasto_82,Miasto_661,4
Miasto_82,Miasto_1140,18
Miasto_82,Miasto_1574,16
Miasto_82,Miasto_1597,11
Miasto_83,Miasto_123,13
Miasto_83,Miasto_921,9
Miasto_83,Miasto_935,14
Miasto_83,Miasto_1109,6
Miasto_84,Miasto_233,8
Miasto_84,Miasto_327,3
Miasto_84,Miasto_589,12
Miasto_84,Miasto_1540,2
Miasto_85,Miasto_602,5
Miasto_85,Miasto_605,11
Miasto_85,Miasto_942,7
Miasto_85,Miasto_1026,5
Miasto_86,Miasto_202,8
Miasto_86,Miasto_711,13
Miasto_86,Miasto_1248,15
Miasto_87,Miasto_694,10
Miasto_87,Miasto_999,2
Miasto_87,Miasto_1055,16
Miasto_87,Miasto_1281,12
Miasto_88,Miasto_391,7
Miasto_88,Miasto_1001,9
Miasto_88,Miasto_1158,13
Miasto_89,Miasto_199,17
Miasto_89,Miasto_298,1
Miasto_89,Miasto_358,8
Miasto_89,Miasto_1352,16
Miasto_90,Miasto_274,1
Miasto_90,Miasto_507,18
Miasto_90,Miasto_1215,11
Miasto_90,Miasto_1370,10
Miasto_91,Miasto_1465,14
Miasto_91,Miasto_1485,11
Miasto_91,Miasto_1510,12
Miasto_92,Miasto_167,7
Miasto_92,Miasto_1081,6
Miasto_92,Miasto_1214,3
Miasto_93,Miasto_94,2
Miasto_93,Miasto_350,2
Miasto_93,Miasto_1479,16
Miasto_94,Miasto_307,2
Miasto_94,Miasto_468,11
Miasto_94,Miasto_1151,16
Miasto_95,Miasto_467,13
Miasto_95,Miasto_540,16
Miasto_95,Miasto_914,16
Miasto_96,Miasto_479,14
Miasto_96,Miasto_1336,1
Miasto_96,Miasto_1565,2
Miasto_97,Miasto_251,3
Miasto_97,Miasto_568,16
Miasto_97,Miasto_606,7
Miasto_97,Miasto_1337,10
Miasto_98,Miasto_303,17
Miasto_98,Miasto_647,17
Miasto_98,Miasto_1007,16
Miasto_99,Miasto_269,16
Miasto_99,Miasto_531,9
Miasto_99,Miasto_894,11
Miasto_99,Miasto_1391,2
Miasto_100,Miasto_371,17
Miasto_100,Miasto_399,7
Miasto_100,Miasto_635,2
Miasto_101,Miasto_818,7
Miasto_101,Miasto_1153,17
Miasto_101,Miasto_1329,8
Miasto_101,Miasto_1355,11
Miasto_102,Miasto_220,6
Miasto_102,Miasto_1111,9
Miasto_103,Miasto_347,9
Miasto_103,Miasto_796,11
Miasto_103,Miasto_872,6
Miasto_103,Miasto_1255,10
Miasto_104,Miasto_546,1
Miasto_104,Miasto_1261,8
Miasto_104,Miasto_1463,14
Miasto_104,Miasto_1512,6
Miasto_105,Miasto_451,4
Miasto_105,Miasto_688,4
Miasto_105,Miasto_964,14
Miasto_105,Miasto_1395,8
Miasto_106,Miasto_881,18
Miasto_106,Miasto_1143,16
Miasto_106,Miasto_1169,13
Miasto_106,Miasto_1364,7
Miasto_107,Miasto_680,8
Miasto_107,Miasto_848,15
Miasto_108,Miasto_593,9
Miasto_108,Miasto_971,3
Miasto_108,Miasto_1262,9
Miasto_108,Miasto_1325,16
Miasto_109,Miasto_137,17
Miasto_109,Miasto_481,3
Miasto_109,Miasto_794,4
Miasto_109,Miasto_1469,8
Miasto_110,Miasto_318,15
Miasto_110,Miasto_1525,6
Miasto_110,Miasto_1534,13
Miasto_110,Miasto_1597,8
Miasto_111,Miasto_256,3
Miasto_111,Miasto_275,12
Miasto_111,Miasto_603,7
Miasto_111,Miasto_1270,7
Miasto_112,Miasto_813,9
Miasto_112,Miasto_1105,8
Miasto_112,Miasto_1531,10
Miasto_113,Miasto_215,5
Miasto_113,Miasto_544,2
Miasto_113,Miasto_667,2
Miasto_113,Miasto_697,2
Miasto_114,Miasto_334,17
Miasto_114,Miasto_1103,13
Miasto_114,Miasto_1139,11
Miasto_114,Miasto_1501,10
Miasto_115,Miasto_361,13
Miasto_115,Miasto_1197,10
Miasto_115,Miasto_1215,13
Miasto_116,Miasto_280,16
Miasto_116,Miasto_499,6
Miasto_116,Miasto_605,14
Miasto_116,Miasto_858,13
Miasto_117,Miasto_483,10
Miasto_117,Miasto_601,11
Miasto_117,Miasto_785,4
Miasto_117,Miasto_1399,5
Miasto_118,Miasto_615,18
Miasto_118,Miasto_801,16
Miasto_118,Miasto_904,8
Miasto_119,Miasto_235,1
Miasto_119,Miasto_293,18
Miasto_119,Miasto_796,6
Miasto_119,Miasto_1592,15
Miasto_120,Miasto_707,2
Miasto_120,Miasto_1304,16
Miasto_120,Miasto_1435,10
Miasto_120,Miasto_1531,16
Miasto_121,Miasto_875,14
Miasto_121,Miasto_1068,3
Miasto_121,Miasto_1130,1
Miasto_122,Miasto_217,16
Miasto_122,Miasto_312,7
Miasto_122,Miasto_342,1
Miasto_122,Miasto_1312,14
Miasto_123,Miasto_856,4
Miasto_124,Miasto_482,12
Miasto_124,Miasto_1271,7
Miasto_124,Miasto_1286,14
Miasto_124,Miasto_1408,13
Miasto_125,Miasto_246,1
Miasto_125,Miasto_580,8
Miasto_125,Miasto_1300,9
Miasto_126,Miasto_553,17
Miasto_126,Miasto_743,13
Miasto_126,Miasto_994,8
Miasto_126,Miasto_1324,4
Miasto_127,Miasto_291,8
Miasto_127,Miasto_359,10
Miasto_127,Miasto_735,8
Miasto_127,Miasto_1562,14
Miasto_128,Miasto_296,10
Miasto_128,Miasto_341,7
Miasto_128,Miasto_585,5
Miasto_128,Miasto_1005,12
Miasto_129,Miasto_571,3
Miasto_129,Miasto_810,15
Miasto_129,Miasto_1477,15
Miasto_130,Miasto_212,6
Miasto_130,Miasto_344,14
Miasto_130,Miasto_940,2
Miasto_130,Miasto_1274,10
Miasto_131,Miasto_333,12
Miasto_131,Miasto_529,4
Miasto_131,Miasto_674,1
Miasto_131,Miasto_955,5
Miasto_132,Miasto_133,10
Miasto_132,Miasto_518,7
Miasto_132,Miasto_972,11
Miasto_132,Miasto_1406,14
Miasto_133,Miasto_836,8
Miasto_133,Miasto_1044,18
Miasto_133,Miasto_1177,8
Miasto_134,Miasto_135,9
Miasto_134,Miasto_744,10
Miasto_134,Miasto_1061,9
Miasto_134,Miasto_1471,11
Miasto_135,Miasto_645,15
Miasto_135,Miasto_891,8
Miasto_135,Miasto_1108,17
Miasto_136,Miasto_773,18
Miasto_136,Miasto_799,5
Miasto_136,Miasto_1245,7
Miasto_136,Miasto_1541,6
Miasto_137,Miasto_1339,2
Miasto_137,Miasto_1496,2
Miasto_137,Miasto_1576,8
Miasto_138,Miasto_806,1
Miasto_138,Miasto_1294,3
Miasto_138,Miasto_1429,12
Miasto_138,Miasto_1463,2
Miasto_139,Miasto_515,6
Miasto_139,Miasto_1484,7
Miasto_140,Miasto_396,4
Miasto_140,Miasto_1367,8
Miasto_141,Miasto_964,12
Miasto_141,Miasto_1020,7
Miasto_141,Miasto_1234,10
Miasto_142,Miasto_929,8
Miasto_142,Miasto_1244,18
Miasto_142,Miasto_1582,16
Miasto_143,Miasto_194,10
Miasto_143,Miasto_326,4
Miasto_143,Miasto_1091,17
Miasto_143,Miasto_1251,7
Miasto_144,Miasto_870,6
Miasto_144,Miasto_890,15
Miasto_144,Miasto_898,8
Miasto_144,Miasto_1040,1
Miasto_145,Miasto_298,15
Miasto_145,Miasto_304,18
Miasto_145,Miasto_1172,12
Miasto_145,Miasto_1478,8
Miasto_146,Miasto_347,1
Miasto_146,Miasto_1255,6
Miasto_146,Miasto_1503,14
Miasto_146,Miasto_1558,10
Miasto_147,Miasto_223,14
Miasto_147,Miasto_1027,12
Miasto_147,Miasto_1441,6
Miasto_148,Miasto_475,15
Miasto_148,Miasto_819,3
Miasto_148,Miasto_1516,6
Miasto_149,Miasto_678,7
Miasto_149,Miasto_900,6
Miasto_149,Miasto_1245,16
Miasto_149,Miasto_1412,14
Miasto_150,Miasto_620,12
Miasto_150,Miasto_622,1
Miasto_150,Miasto_855,4
Miasto_150,Miasto_895,12
Miasto_151,Miasto_359,12
Miasto_151,Miasto_631,12
Miasto_151,Miasto_769,1
Miasto_151,Miasto_1269,8
Miasto_152,Miasto_900,1
Miasto_152,Miasto_1412,17
Miasto_153,Miasto_384,17
Miasto_153,Miasto_922,12
Miasto_153,Miasto_1436,10
Miasto_153,Miasto_1487,7
Miasto_154,Miasto_162,4
Miasto_154,Miasto_785,1
Miasto_154,Miasto_852,9
Miasto_154,Miasto_931,18
Miasto_155,Miasto_723,7
Miasto_155,Miasto_1242,16
Miasto_155,Miasto_1288,13
Miasto_155,Miasto_1420,12
Miasto_156,Miasto_321,4
Miasto_156,Miasto_1002,17
Miasto_156,Miasto_1414,7
Miasto_157,Miasto_368,17
Miasto_157,Miasto_1224,4
Miasto_157,Miasto_1496,18
Miasto_157,Miasto_1576,14
Miasto_158,Miasto_557,18
Miasto_158,Miasto_1207,2
Miasto_158,Miasto_1546,17
Miasto_158,Miasto_1591,14
Miasto_159,Miasto_377,6
Miasto_159,Miasto_647,6
Miasto_159,Miasto_1007,13
Miasto_160,Miasto_489,18
Miasto_160,Miasto_498,18
Miasto_160,Miasto_1227,3
Miasto_161,Miasto_556,1
Miasto_161,Miasto_1037,8
Miasto_161,Miasto_1192,10
Miasto_161,Miasto_1488,5
Miasto_162,Miasto_968,8
Miasto_162,Miasto_1227,7
Miasto_162,Miasto_1521,2
Miasto_163,Miasto_248,8
Miasto_163,Miasto_939,15
Miasto_163,Miasto_1000,14
Miasto_163,Miasto_1211,14
Miasto_164,Miasto_1294,18
Miasto_164,Miasto_1299,5
Miasto_164,Miasto_1429,17
Miasto_165,Miasto_671,7
Miasto_165,Miasto_856,1
Miasto_166,Miasto_639,6
Miasto_166,Miasto_1231,5
Miasto_166,Miasto_1337,17
Miasto_166,Miasto_1491,8
Miasto_167,Miasto_574,2
Miasto_167,Miasto_595,11
Miasto_167,Miasto_686,3
Miasto_168,Miasto_434,8
Miasto_168,Miasto_437,1
Miasto_168,Miasto_782,12
Miasto_168,Miasto_1182,14
Miasto_169,Miasto_913,11
Miasto_169,Miasto_1396,5
Miasto_169,Miasto_1418,1
Miasto_170,Miasto_204,2
Miasto_170,Miasto_411,10
Miasto_170,Miasto_1194,8
Miasto_170,Miasto_1449,6
Miasto_171,Miasto_207,11
Miasto_171,Miasto_890,13
Miasto_171,Miasto_960,15
Miasto_171,Miasto_1040,17
Miasto_172,Miasto_790,4
Miasto_172,Miasto_1365,9
Miasto_172,Miasto_1430,12
Miasto_172,Miasto_1570,12
Miasto_173,Miasto_861,14
Miasto_173,Miasto_979,17
Miasto_173,Miasto_1375,6
Miasto_173,Miasto_1455,16
Miasto_174,Miasto_460,4
Miasto_174,Miasto_938,9
Miasto_174,Miasto_1195,11
Miasto_174,Miasto_1296,2
Miasto_175,Miasto_252,6
Miasto_175,Miasto_363,10
Miasto_175,Miasto_406,11
Miasto_175,Miasto_1115,17
Miasto_176,Miasto_235,16
Miasto_176,Miasto_366,15
Miasto_176,Miasto_1419,18
Miasto_177,Miasto_338,4
Miasto_177,Miasto_764,6
Miasto_177,Miasto_829,8
Miasto_177,Miasto_1258,18
Miasto_178,Miasto_757,12
Miasto_178,Miasto_800,11
Miasto_178,Miasto_1411,15
Miasto_178,Miasto_1495,10
Miasto_179,Miasto_236,9
Miasto_179,Miasto_771,12
Miasto_179,Miasto_1068,17
Miasto_179,Miasto_1492,5
Miasto_180,Miasto_608,12
Miasto_180,Miasto_1037,10
Miasto_180,Miasto_1488,12
Miasto_181,Miasto_453,11
Miasto_181,Miasto_550,18
Miasto_181,Miasto_663,18
Miasto_181,Miasto_1246,18
Miasto_182,Miasto_263,16
Miasto_182,Miasto_546,18
Miasto_182,Miasto_1076,10
Miasto_182,Miasto_1512,6
Miasto_183,Miasto_1036,18
Miasto_183,Miasto_1173,5
Miasto_184,Miasto_204,11
Miasto_184,Miasto_279,9
Miasto_184,Miasto_320,13
Miasto_184,Miasto_1194,13
Miasto_185,Miasto_287,16
Miasto_185,Miasto_812,17
Miasto_185,Miasto_1264,1
Miasto_186,Miasto_500,7
Miasto_186,Miasto_1052,17
Miasto_186,Miasto_1289,2
Miasto_187,Miasto_730,18
Miasto_187,Miasto_1203,2
Miasto_187,Miasto_1466,14
Miasto_187,Miasto_1487,1
Miasto_188,Miasto_581,17
Miasto_188,Miasto_596,5
Miasto_188,Miasto_1136,18
Miasto_188,Miasto_1552,13
Miasto_189,Miasto_1117,6
Miasto_189,Miasto_1479,7
Miasto_190,Miasto_674,8
Miasto_190,Miasto_955,8
Miasto_190,Miasto_1334,12
Miasto_190,Miasto_1499,17
Miasto_191,Miasto_274,1
Miasto_191,Miasto_361,14
Miasto_191,Miasto_559,9
Miasto_191,Miasto_1215,6
Miasto_192,Miasto_392,11
Miasto_192,Miasto_393,7
Miasto_192,Miasto_827,6
Miasto_192,Miasto_1012,8
Miasto_193,Miasto_660,13
Miasto_193,Miasto_981,7
Miasto_193,Miasto_1447,4
Miasto_193,Miasto_1553,9
Miasto_194,Miasto_369,13
Miasto_194,Miasto_460,11
Miasto_194,Miasto_691,6
Miasto_195,Miasto_348,10
Miasto_195,Miasto_820,7
Miasto_195,Miasto_925,14
Miasto_195,Miasto_1156,4
Miasto_196,Miasto_549,17
Miasto_196,Miasto_600,10
Miasto_196,Miasto_665,15
Miasto_196,Miasto_830,4
Miasto_197,Miasto_757,1
Miasto_197,Miasto_918,8
Miasto_197,Miasto_1495,5
Miasto_197,Miasto_1503,12
Miasto_198,Miasto_273,7
Miasto_198,Miasto_682,9
Miasto_198,Miasto_1176,6
Miasto_198,Miasto_1515,13
Miasto_199,Miasto_264,6
Miasto_199,Miasto_548,7
Miasto_199,Miasto_726,9
Miasto_200,Miasto_419,4
Miasto_200,Miasto_489,2
Miasto_200,Miasto_498,1
Miasto_200,Miasto_649,13
Miasto_201,Miasto_1036,5
Miasto_201,Miasto_1347,2
Miasto_201,Miasto_1443,8
Miasto_202,Miasto_479,17
Miasto_202,Miasto_1336,14
Miasto_203,Miasto_534,1
Miasto_203,Miasto_560,13
Miasto_203,Miasto_783,12
Miasto_203,Miasto_818,17
Miasto_204,Miasto_579,2
Miasto_204,Miasto_1110,2
Miasto_205,Miasto_675,14
Miasto_205,Miasto_1166,15
Miasto_205,Miasto_1396,4
Miasto_205,Miasto_1476,2
Miasto_206,Miasto_456,15
Miasto_206,Miasto_630,7
Miasto_206,Miasto_990,13
Miasto_206,Miasto_1021,14
Miasto_207,Miasto_1050,10
Miasto_207,Miasto_1181,16
Miasto_207,Miasto_1270,3
Miasto_208,Miasto_534,18
Miasto_208,Miasto_560,14
Miasto_208,Miasto_695,14
Miasto_208,Miasto_887,16
Miasto_209,Miasto_617,9
Miasto_209,Miasto_634,5
Miasto_209,Miasto_1537,4
Miasto_209,Miasto_1560,14
Miasto_210,Miasto_726,18
Miasto_210,Miasto_1089,15
Miasto_210,Miasto_1236,2
Miasto_210,Miasto_1398,12
Miasto_211,Miasto_338,3
Miasto_211,Miasto_897,11
Miasto_211,Miasto_1258,1
Miasto_212,Miasto_374,16
Miasto_212,Miasto_963,11
Miasto_212,Miasto_1257,4
Miasto_213,Miasto_475,17
Miasto_213,Miasto_819,6
Miasto_213,Miasto_972,15
Miasto_213,Miasto_1199,15
Miasto_214,Miasto_464,18
Miasto_214,Miasto_824,1
Miasto_214,Miasto_913,12
Miasto_214,Miasto_1418,15
Miasto_215,Miasto_581,1
Miasto_215,Miasto_665,1
Miasto_215,Miasto_1552,5
Miasto_216,Miasto_280,10
Miasto_216,Miasto_858,8
Miasto_216,Miasto_1209,4
Miasto_216,Miasto_1596,16
Miasto_217,Miasto_365,17
Miasto_217,Miasto_951,12
Miasto_217,Miasto_1482,7
Miasto_218,Miasto_368,5
Miasto_218,Miasto_506,16
Miasto_218,Miasto_1579,14
Miasto_219,Miasto_404,13
Miasto_219,Miasto_770,14
Miasto_219,Miasto_1451,3
Miasto_219,Miasto_1557,1
Miasto_220,Miasto_297,10
Miasto_220,Miasto_427,3
Miasto_221,Miasto_243,1
Miasto_221,Miasto_564,10
Miasto_221,Miasto_788,8
Miasto_222,Miasto_553,14
Miasto_222,Miasto_841,1
Miasto_222,Miasto_1184,18
Miasto_222,Miasto_1265,4
Miasto_223,Miasto_1062,5
Miasto_223,Miasto_1500,3
Miasto_224,Miasto_412,4
Miasto_224,Miasto_969,3
Miasto_224,Miasto_1275,9
Miasto_224,Miasto_1309,8
Miasto_225,Miasto_379,2
Miasto_225,Miasto_442,12
Miasto_225,Miasto_508,6
Miasto_225,Miasto_734,18
Miasto_226,Miasto_410,5
Miasto_226,Miasto_510,9
Miasto_226,Miasto_1327,7
Miasto_226,Miasto_1537,18
Miasto_227,Miasto_272,14
Miasto_227,Miasto_322,17
Miasto_227,Miasto_704,3
Miasto_227,Miasto_1191,9
Miasto_228,Miasto_831,5
Miasto_228,Miasto_1027,12
Miasto_228,Miasto_1441,11
Miasto_228,Miasto_1536,10
Miasto_229,Miasto_514,8
Miasto_229,Miasto_805,18
Miasto_229,Miasto_1364,16
Miasto_229,Miasto_1545,16
Miasto_230,Miasto_580,9
Miasto_230,Miasto_622,13
Miasto_230,Miasto_895,4
Miasto_230,Miasto_1300,5
Miasto_231,Miasto_497,17
Miasto_231,Miasto_1464,8
Miasto_231,Miasto_1465,14
Miasto_232,Miasto_685,12
Miasto_232,Miasto_1010,11
Miasto_232,Miasto_1030,12
Miasto_232,Miasto_1079,4
Miasto_233,Miasto_979,8
Miasto_233,Miasto_1529,10
Miasto_234,Miasto_550,12
Miasto_234,Miasto_577,3
Miasto_234,Miasto_667,6
Miasto_234,Miasto_719,4
Miasto_235,Miasto_714,10
Miasto_235,Miasto_1162,12
Miasto_236,Miasto_480,9
Miasto_236,Miasto_1497,2
Miasto_237,Miasto_821,1
Miasto_237,Miasto_907,13
Miasto_237,Miasto_954,16
Miasto_237,Miasto_1233,18
Miasto_238,Miasto_458,16
Miasto_238,Miasto_604,7
Miasto_238,Miasto_1417,18
Miasto_238,Miasto_1462,4
Miasto_239,Miasto_382,13
Miasto_239,Miasto_687,17
Miasto_239,Miasto_934,14
Miasto_240,Miasto_1004,7
Miasto_240,Miasto_1434,14
Miasto_240,Miasto_1490,8
Miasto_241,Miasto_578,6
Miasto_241,Miasto_928,16
Miasto_241,Miasto_1159,2
Miasto_241,Miasto_1313,18
Miasto_242,Miasto_608,13
Miasto_242,Miasto_844,1
Miasto_242,Miasto_1159,8
Miasto_242,Miasto_1313,13
Miasto_243,Miasto_962,18
Miasto_243,Miasto_1092,15
Miasto_243,Miasto_1278,16
Miasto_244,Miasto_473,8
Miasto_244,Miasto_493,2
Miasto_244,Miasto_672,6
Miasto_244,Miasto_1385,2
Miasto_245,Miasto_711,12
Miasto_245,Miasto_1075,5
Miasto_245,Miasto_1318,16
Miasto_246,Miasto_1189,16
Miasto_246,Miasto_1232,8
Miasto_246,Miasto_1371,4
Miasto_247,Miasto_324,18
Miasto_247,Miasto_386,8
Miasto_247,Miasto_797,7
Miasto_248,Miasto_258,2
Miasto_248,Miasto_267,1
Miasto_248,Miasto_983,17
Miasto_249,Miasto_615,6
Miasto_249,Miasto_728,9
Miasto_249,Miasto_1456,1
Miasto_250,Miasto_578,8
Miasto_250,Miasto_820,9
Miasto_250,Miasto_925,16
Miasto_250,Miasto_1460,11
Miasto_251,Miasto_340,5
Miasto_251,Miasto_513,7
Miasto_251,Miasto_1343,8
Miasto_252,Miasto_915,1
Miasto_252,Miasto_1171,16
Miasto_252,Miasto_1267,11
Miasto_253,Miasto_533,5
Miasto_253,Miasto_871,2
Miasto_253,Miasto_1020,16
Miasto_254,Miasto_330,8
Miasto_254,Miasto_705,15
Miasto_254,Miasto_1424,17
Miasto_254,Miasto_1523,2
Miasto_255,Miasto_1001,7
Miasto_255,Miasto_1244,1
Miasto_256,Miasto_879,8
Miasto_256,Miasto_1276,10
Miasto_257,Miasto_1285,11
Miasto_257,Miasto_1304,16
Miasto_257,Miasto_1435,2
Miasto_257,Miasto_1578,14
Miasto_258,Miasto_804,9
Miasto_258,Miasto_1161,3
Miasto_258,Miasto_1584,6
Miasto_259,Miasto_428,6
Miasto_259,Miasto_559,12
Miasto_259,Miasto_931,4
Miasto_259,Miasto_1038,9
Miasto_260,Miasto_586,3
Miasto_260,Miasto_677,4
Miasto_260,Miasto_1054,15
Miasto_261,Miasto_1103,17
Miasto_261,Miasto_1139,12
Miasto_261,Miasto_1218,15
Miasto_261,Miasto_1413,18
Miasto_262,Miasto_586,5
Miasto_262,Miasto_677,2
Miasto_262,Miasto_992,5
Miasto_262,Miasto_1219,12
Miasto_263,Miasto_673,18
Miasto_263,Miasto_948,17
Miasto_263,Miasto_1123,15
Miasto_264,Miasto_298,5
Miasto_264,Miasto_1439,18
Miasto_264,Miasto_1478,15
Miasto_265,Miasto_681,9
Miasto_265,Miasto_810,16
Miasto_265,Miasto_1048,1
Miasto_266,Miasto_381,9
Miasto_266,Miasto_1402,8
Miasto_266,Miasto_1506,12
Miasto_267,Miasto_1000,8
Miasto_267,Miasto_1220,15
Miasto_267,Miasto_1584,10
Miasto_268,Miasto_617,17
Miasto_268,Miasto_1327,4
Miasto_268,Miasto_1537,12
Miasto_269,Miasto_883,15
Miasto_269,Miasto_1285,14
Miasto_269,Miasto_1435,13
Miasto_270,Miasto_619,2
Miasto_270,Miasto_754,6
Miasto_270,Miasto_894,5
Miasto_270,Miasto_1426,4
Miasto_271,Miasto_938,17
Miasto_271,Miasto_1170,15
Miasto_271,Miasto_1195,15
Miasto_272,Miasto_1133,18
Miasto_272,Miasto_1141,15
Miasto_272,Miasto_1560,16
Miasto_273,Miasto_776,6
Miasto_273,Miasto_1564,16
Miasto_273,Miasto_1587,1
Miasto_274,Miasto_865,7
Miasto_274,Miasto_946,3
Miasto_275,Miasto_816,15
Miasto_275,Miasto_1263,6
Miasto_275,Miasto_1276,12
Miasto_276,Miasto_410,5
Miasto_276,Miasto_432,9
Miasto_276,Miasto_510,10
Miasto_276,Miasto_980,18
Miasto_277,Miasto_1183,17
Miasto_277,Miasto_1187,14
Miasto_277,Miasto_1525,16
Miasto_277,Miasto_1534,16
Miasto_278,Miasto_911,17
Miasto_278,Miasto_1075,3
Miasto_278,Miasto_1318,14
Miasto_278,Miasto_1332,11
Miasto_279,Miasto_324,17
Miasto_279,Miasto_386,13
Miasto_279,Miasto_579,10
Miasto_280,Miasto_494,6
Miasto_280,Miasto_618,13
Miasto_281,Miasto_311,8
Miasto_281,Miasto_1146,4
Miasto_282,Miasto_283,3
Miasto_282,Miasto_561,13
Miasto_282,Miasto_584,8
Miasto_282,Miasto_906,16
Miasto_283,Miasto_558,15
Miasto_283,Miasto_653,15
Miasto_283,Miasto_982,9
Miasto_284,Miasto_1116,18
Miasto_284,Miasto_1198,14
Miasto_284,Miasto_1439,6
Miasto_284,Miasto_1535,12
Miasto_285,Miasto_347,15
Miasto_285,Miasto_585,6
Miasto_285,Miasto_872,10
Miasto_285,Miasto_1005,12
Miasto_286,Miasto_688,4
Miasto_286,Miasto_964,15
Miasto_286,Miasto_1234,8
Miasto_286,Miasto_1561,6
Miasto_287,Miasto_472,11
Miasto_287,Miasto_1177,10
Miasto_287,Miasto_1259,5
Miasto_288,Miasto_377,13
Miasto_288,Miasto_378,11
Miasto_288,Miasto_1392,7
Miasto_289,Miasto_346,18
Miasto_289,Miasto_501,8
Miasto_289,Miasto_1288,10
Miasto_289,Miasto_1420,11
Miasto_290,Miasto_324,2
Miasto_290,Miasto_517,5
Miasto_290,Miasto_579,3
Miasto_290,Miasto_862,16
Miasto_291,Miasto_650,10
Miasto_291,Miasto_886,17
Miasto_291,Miasto_1072,3
Miasto_292,Miasto_299,6
Miasto_292,Miasto_1096,6
Miasto_292,Miasto_1422,13
Miasto_292,Miasto_1543,10
Miasto_293,Miasto_331,15
Miasto_293,Miasto_941,6
Miasto_293,Miasto_1162,8
Miasto_294,Miasto_507,2
Miasto_294,Miasto_1196,3
Miasto_294,Miasto_1322,13
Miasto_294,Miasto_1370,18
Miasto_295,Miasto_773,18
Miasto_295,Miasto_1394,12
Miasto_295,Miasto_1399,3
Miasto_295,Miasto_1541,4
Miasto_296,Miasto_666,9
Miasto_296,Miasto_694,12
Miasto_296,Miasto_1055,13
Miasto_297,Miasto_440,2
Miasto_297,Miasto_943,11
Miasto_297,Miasto_1111,18
Miasto_298,Miasto_974,14
Miasto_299,Miasto_401,1
Miasto_300,Miasto_370,3
Miasto_300,Miasto_1163,8
Miasto_300,Miasto_1202,17
Miasto_300,Miasto_1474,5
Miasto_301,Miasto_349,14
Miasto_301,Miasto_395,5
Miasto_301,Miasto_823,3
Miasto_301,Miasto_920,17
Miasto_302,Miasto_451,9
Miasto_302,Miasto_469,17
Miasto_302,Miasto_1395,12
Miasto_303,Miasto_610,13
Miasto_303,Miasto_1569,17
Miasto_304,Miasto_426,5
Miasto_304,Miasto_974,6
Miasto_304,Miasto_1393,16
Miasto_305,Miasto_967,1
Miasto_305,Miasto_1063,13
Miasto_305,Miasto_1081,13
Miasto_305,Miasto_1214,18
Miasto_306,Miasto_905,5
Miasto_306,Miasto_1218,3
Miasto_306,Miasto_1413,16
Miasto_306,Miasto_1437,3
Miasto_307,Miasto_350,16
Miasto_307,Miasto_523,13
Miasto_307,Miasto_1307,7
Miasto_308,Miasto_370,4
Miasto_308,Miasto_1088,9
Miasto_308,Miasto_1474,7
Miasto_308,Miasto_1527,9
Miasto_309,Miasto_655,18
Miasto_309,Miasto_1412,14
Miasto_309,Miasto_1415,10
Miasto_310,Miasto_390,13
Miasto_310,Miasto_1050,9
Miasto_310,Miasto_1170,6
Miasto_311,Miasto_921,5
Miasto_311,Miasto_1566,2
Miasto_312,Miasto_365,15
Miasto_312,Miasto_739,11
Miasto_312,Miasto_975,16
Miasto_313,Miasto_638,10
Miasto_313,Miasto_700,4
Miasto_313,Miasto_970,18
Miasto_313,Miasto_1228,8
Miasto_314,Miasto_671,4
Miasto_314,Miasto_1405,6
Miasto_314,Miasto_1433,10
Miasto_315,Miasto_420,2
Miasto_315,Miasto_723,6
Miasto_315,Miasto_740,17
Miasto_315,Miasto_1590,13
Miasto_316,Miasto_573,8
Miasto_316,Miasto_1002,14
Miasto_317,Miasto_478,18
Miasto_317,Miasto_838,16
Miasto_317,Miasto_896,14
Miasto_317,Miasto_1087,10
Miasto_318,Miasto_551,16
Miasto_318,Miasto_1233,2
Miasto_318,Miasto_1348,8
Miasto_319,Miasto_628,11
Miasto_319,Miasto_828,11
Miasto_319,Miasto_1173,11
Miasto_320,Miasto_386,8
Miasto_320,Miasto_1004,12
Miasto_321,Miasto_615,7
Miasto_321,Miasto_728,14
Miasto_321,Miasto_1206,4
Miasto_322,Miasto_432,17
Miasto_322,Miasto_510,6
Miasto_322,Miasto_626,13
Miasto_323,Miasto_600,9
Miasto_323,Miasto_934,3
Miasto_323,Miasto_1131,18
Miasto_325,Miasto_356,15
Miasto_325,Miasto_599,2
Miasto_325,Miasto_786,8
Miasto_325,Miasto_1517,9
Miasto_326,Miasto_691,12
Miasto_326,Miasto_947,10
Miasto_326,Miasto_1381,4
Miasto_327,Miasto_716,8
Miasto_327,Miasto_1193,16
Miasto_328,Miasto_359,14
Miasto_328,Miasto_1269,2
Miasto_328,Miasto_1428,1
Miasto_328,Miasto_1562,6
Miasto_329,Miasto_1059,3
Miasto_329,Miasto_1097,10
Miasto_329,Miasto_1212,9
Miasto_329,Miasto_1414,9
Miasto_330,Miasto_693,6
Miasto_330,Miasto_1320,7
Miasto_331,Miasto_743,10
Miasto_331,Miasto_1280,18
Miasto_331,Miasto_1592,6
Miasto_332,Miasto_962,8
Miasto_332,Miasto_1278,5
Miasto_332,Miasto_1351,16
Miasto_332,Miasto_1595,6
Miasto_333,Miasto_806,15
Miasto_333,Miasto_1261,14
Miasto_333,Miasto_1463,16
Miasto_334,Miasto_571,13
Miasto_334,Miasto_681,10
Miasto_334,Miasto_810,4
Miasto_335,Miasto_384,13
Miasto_335,Miasto_730,18
Miasto_335,Miasto_991,3
Miasto_335,Miasto_1487,1
Miasto_336,Miasto_1138,18
Miasto_336,Miasto_1166,8
Miasto_336,Miasto_1396,2
Miasto_337,Miasto_432,17
Miasto_337,Miasto_961,17
Miasto_337,Miasto_980,7
Miasto_337,Miasto_1410,17
Miasto_338,Miasto_715,6
Miasto_339,Miasto_1032,5
Miasto_339,Miasto_1139,15
Miasto_339,Miasto_1413,16
Miasto_339,Miasto_1467,15
Miasto_340,Miasto_1282,9
Miasto_340,Miasto_1337,17
Miasto_340,Miasto_1491,1
Miasto_341,Miasto_666,18
Miasto_341,Miasto_1077,5
Miasto_341,Miasto_1298,14
Miasto_342,Miasto_795,3
Miasto_342,Miasto_822,1
Miasto_342,Miasto_951,11
Miasto_343,Miasto_347,2
Miasto_343,Miasto_585,13
Miasto_343,Miasto_1495,7
Miasto_343,Miasto_1503,4
Miasto_344,Miasto_977,6
Miasto_344,Miasto_1248,8
Miasto_344,Miasto_1390,16
Miasto_345,Miasto_478,5
Miasto_345,Miasto_519,14
Miasto_345,Miasto_838,3
Miasto_345,Miasto_1550,9
Miasto_346,Miasto_526,4
Miasto_346,Miasto_1134,9
Miasto_346,Miasto_1400,11
Miasto_348,Miasto_653,7
Miasto_348,Miasto_982,13
Miasto_348,Miasto_1210,2
Miasto_349,Miasto_790,13
Miasto_349,Miasto_1365,4
Miasto_349,Miasto_1547,3
Miasto_350,Miasto_403,10
Miasto_350,Miasto_1360,11
Miasto_351,Miasto_806,2
Miasto_351,Miasto_1294,5
Miasto_352,Miasto_1363,13
Miasto_352,Miasto_1447,17
Miasto_352,Miasto_1567,10
Miasto_352,Miasto_1598,5
Miasto_353,Miasto_459,10
Miasto_353,Miasto_644,17
Miasto_353,Miasto_745,7
Miasto_353,Miasto_1025,10
Miasto_354,Miasto_776,17
Miasto_354,Miasto_976,18
Miasto_354,Miasto_1209,11
Miasto_354,Miasto_1564,18
Miasto_355,Miasto_450,15
Miasto_355,Miasto_758,2
Miasto_355,Miasto_1356,11
Miasto_355,Miasto_1416,6
Miasto_356,Miasto_621,6
Miasto_356,Miasto_817,9
Miasto_356,Miasto_1104,10
Miasto_357,Miasto_684,5
Miasto_357,Miasto_877,4
Miasto_357,Miasto_1168,1
Miasto_357,Miasto_1403,2
Miasto_358,Miasto_726,2
Miasto_358,Miasto_1231,3
Miasto_358,Miasto_1398,5
Miasto_359,Miasto_886,16
Miasto_360,Miasto_482,8
Miasto_360,Miasto_645,2
Miasto_360,Miasto_687,2
Miasto_360,Miasto_1108,1
Miasto_361,Miasto_525,9
Miasto_361,Miasto_1179,4
Miasto_362,Miasto_494,18
Miasto_362,Miasto_1073,3
Miasto_362,Miasto_1204,1
Miasto_362,Miasto_1549,15
Miasto_363,Miasto_419,16
Miasto_363,Miasto_649,17
Miasto_363,Miasto_1154,14
Miasto_364,Miasto_1126,6
Miasto_364,Miasto_1155,9
Miasto_364,Miasto_1376,2
Miasto_364,Miasto_1543,6
Miasto_365,Miasto_893,3
Miasto_365,Miasto_1519,17
Miasto_366,Miasto_642,14
Miasto_366,Miasto_965,8
Miasto_366,Miasto_1069,17
Miasto_367,Miasto_693,4
Miasto_367,Miasto_916,17
Miasto_367,Miasto_1320,11
Miasto_368,Miasto_445,13
Miasto_368,Miasto_842,4
Miasto_369,Miasto_434,11
Miasto_369,Miasto_1182,1
Miasto_369,Miasto_1239,9
Miasto_370,Miasto_651,17
Miasto_370,Miasto_703,7
Miasto_371,Miasto_467,16
Miasto_371,Miasto_914,11
Miasto_372,Miasto_1358,4
Miasto_372,Miasto_1448,11
Miasto_372,Miasto_1452,5
Miasto_373,Miasto_910,12
Miasto_373,Miasto_1434,6
Miasto_373,Miasto_1490,8
Miasto_374,Miasto_382,15
Miasto_374,Miasto_583,3
Miasto_374,Miasto_940,6
Miasto_375,Miasto_588,3
Miasto_375,Miasto_646,10
Miasto_376,Miasto_440,7
Miasto_376,Miasto_791,5
Miasto_376,Miasto_943,13
Miasto_376,Miasto_1446,14
Miasto_377,Miasto_987,1
Miasto_378,Miasto_476,18
Miasto_378,Miasto_530,15
Miasto_379,Miasto_1094,14
Miasto_379,Miasto_1213,12
Miasto_379,Miasto_1383,5
Miasto_380,Miasto_502,5
Miasto_380,Miasto_761,1
Miasto_380,Miasto_825,12
Miasto_380,Miasto_1372,15
Miasto_381,Miasto_383,3
Miasto_381,Miasto_664,10
Miasto_381,Miasto_892,9
Miasto_382,Miasto_1257,12
Miasto_383,Miasto_624,17
Miasto_383,Miasto_1297,16
Miasto_383,Miasto_1402,17
Miasto_384,Miasto_761,7
Miasto_384,Miasto_825,7
Miasto_385,Miasto_430,15
Miasto_385,Miasto_802,17
Miasto_385,Miasto_1365,2
Miasto_385,Miasto_1570,18
Miasto_387,Miasto_447,12
Miasto_387,Miasto_820,13
Miasto_387,Miasto_1156,4
Miasto_387,Miasto_1273,15
Miasto_388,Miasto_575,8
Miasto_388,Miasto_682,18
Miasto_388,Miasto_779,15
Miasto_388,Miasto_1176,18
Miasto_389,Miasto_554,1
Miasto_389,Miasto_609,3
Miasto_389,Miasto_658,2
Miasto_389,Miasto_709,8
Miasto_390,Miasto_1136,4
Miasto_390,Miasto_1445,2
Miasto_390,Miasto_1552,12
Miasto_391,Miasto_463,8
Miasto_391,Miasto_616,5
Miasto_391,Miasto_952,3
Miasto_392,Miasto_1003,3
Miasto_392,Miasto_1107,2
Miasto_392,Miasto_1397,15
Miasto_393,Miasto_502,12
Miasto_393,Miasto_761,15
Miasto_393,Miasto_1397,13
Miasto_394,Miasto_458,11
Miasto_394,Miasto_489,13
Miasto_394,Miasto_604,4
Miasto_394,Miasto_649,18
Miasto_395,Miasto_1315,3
Miasto_395,Miasto_1523,9
Miasto_395,Miasto_1547,8
Miasto_396,Miasto_636,2
Miasto_396,Miasto_1118,11
Miasto_396,Miasto_1149,1
Miasto_397,Miasto_486,3
Miasto_397,Miasto_698,18
Miasto_397,Miasto_803,13
Miasto_397,Miasto_1389,2
Miasto_398,Miasto_655,10
Miasto_398,Miasto_1094,10
Miasto_398,Miasto_1415,2
Miasto_399,Miasto_413,14
Miasto_399,Miasto_467,10
Miasto_399,Miasto_1388,3
Miasto_400,Miasto_655,5
Miasto_400,Miasto_1094,8
Miasto_400,Miasto_1383,16
Miasto_401,Miasto_1096,14
Miasto_402,Miasto_747,13
Miasto_402,Miasto_800,3
Miasto_402,Miasto_1132,13
Miasto_402,Miasto_1411,14
Miasto_403,Miasto_1433,13
Miasto_404,Miasto_489,9
Miasto_404,Miasto_604,10
Miasto_405,Miasto_663,1
Miasto_405,Miasto_697,3
Miasto_405,Miasto_1351,3
Miasto_405,Miasto_1583,3
Miasto_406,Miasto_1154,14
Miasto_406,Miasto_1171,16
Miasto_407,Miasto_707,1
Miasto_407,Miasto_899,5
Miasto_407,Miasto_1105,16
Miasto_407,Miasto_1531,13
Miasto_408,Miasto_775,17
Miasto_408,Miasto_1068,7
Miasto_408,Miasto_1130,3
Miasto_408,Miasto_1492,14
Miasto_409,Miasto_706,7
Miasto_409,Miasto_1255,9
Miasto_409,Miasto_1558,15
Miasto_409,Miasto_1587,12
Miasto_410,Miasto_450,12
Miasto_410,Miasto_731,11
Miasto_411,Miasto_746,12
Miasto_411,Miasto_1110,8
Miasto_411,Miasto_1254,7
Miasto_412,Miasto_781,7
Miasto_412,Miasto_927,7
Miasto_412,Miasto_1346,17
Miasto_413,Miasto_635,16
Miasto_413,Miasto_863,8
Miasto_413,Miasto_1355,5
Miasto_414,Miasto_593,3
Miasto_414,Miasto_908,13
Miasto_414,Miasto_1325,3
Miasto_415,Miasto_474,11
Miasto_415,Miasto_684,13
Miasto_415,Miasto_1140,3
Miasto_415,Miasto_1403,7
Miasto_416,Miasto_423,14
Miasto_416,Miasto_676,17
Miasto_416,Miasto_883,13
Miasto_416,Miasto_1354,13
Miasto_417,Miasto_754,18
Miasto_417,Miasto_841,2
Miasto_417,Miasto_1265,8
Miasto_417,Miasto_1504,8
Miasto_418,Miasto_815,8
Miasto_418,Miasto_1197,13
Miasto_418,Miasto_1472,4
Miasto_419,Miasto_1082,4
Miasto_419,Miasto_1115,17
Miasto_420,Miasto_1203,10
Miasto_420,Miasto_1279,3
Miasto_420,Miasto_1538,12
Miasto_421,Miasto_711,1
Miasto_421,Miasto_977,3
Miasto_421,Miasto_1075,7
Miasto_421,Miasto_1248,18
Miasto_422,Miasto_678,17
Miasto_422,Miasto_757,1
Miasto_422,Miasto_800,13
Miasto_422,Miasto_900,15
Miasto_423,Miasto_738,14
Miasto_423,Miasto_760,9
Miasto_423,Miasto_1455,10
Miasto_424,Miasto_689,3
Miasto_424,Miasto_941,13
Miasto_424,Miasto_1162,9
Miasto_424,Miasto_1292,16
Miasto_425,Miasto_445,8
Miasto_425,Miasto_533,6
Miasto_425,Miasto_1020,17
Miasto_425,Miasto_1469,8
Miasto_426,Miasto_461,8
Miasto_426,Miasto_901,15
Miasto_426,Miasto_1502,11
Miasto_427,Miasto_440,17
Miasto_427,Miasto_1060,15
Miasto_428,Miasto_946,11
Miasto_428,Miasto_966,9
Miasto_428,Miasto_985,12
Miasto_429,Miasto_478,16
Miasto_429,Miasto_735,16
Miasto_429,Miasto_896,12
Miasto_429,Miasto_1562,14
Miasto_430,Miasto_470,16
Miasto_430,Miasto_932,16
Miasto_430,Miasto_1444,17
Miasto_431,Miasto_563,5
Miasto_431,Miasto_692,3
Miasto_431,Miasto_903,9
Miasto_431,Miasto_957,11
Miasto_432,Miasto_860,10
Miasto_433,Miasto_596,4
Miasto_433,Miasto_879,11
Miasto_433,Miasto_1328,14
Miasto_434,Miasto_460,4
Miasto_434,Miasto_938,12
Miasto_435,Miasto_524,12
Miasto_435,Miasto_643,9
Miasto_435,Miasto_997,18
Miasto_435,Miasto_1310,15
Miasto_436,Miasto_736,2
Miasto_437,Miasto_938,9
Miasto_437,Miasto_944,6
Miasto_438,Miasto_1116,18
Miasto_438,Miasto_1198,15
Miasto_438,Miasto_1321,2
Miasto_438,Miasto_1438,13
Miasto_439,Miasto_771,10
Miasto_439,Miasto_1112,9
Miasto_439,Miasto_1113,13
Miasto_439,Miasto_1344,17
Miasto_440,Miasto_1065,18
Miasto_441,Miasto_1216,7
Miasto_441,Miasto_1299,5
Miasto_441,Miasto_1429,8
Miasto_442,Miasto_1213,18
Miasto_442,Miasto_1392,4
Miasto_443,Miasto_834,11
Miasto_443,Miasto_922,13
Miasto_443,Miasto_1079,7
Miasto_443,Miasto_1287,12
Miasto_444,Miasto_465,18
Miasto_444,Miasto_807,18
Miasto_444,Miasto_1405,7
Miasto_445,Miasto_1576,8
Miasto_445,Miasto_1579,15
Miasto_446,Miasto_671,9
Miasto_446,Miasto_720,3
Miasto_446,Miasto_1405,13
Miasto_447,Miasto_1253,12
Miasto_447,Miasto_1486,7
Miasto_448,Miasto_465,2
Miasto_448,Miasto_486,9
Miasto_448,Miasto_523,17
Miasto_448,Miasto_698,18
Miasto_449,Miasto_637,13
Miasto_449,Miasto_992,3
Miasto_449,Miasto_1097,12
Miasto_449,Miasto_1219,8
Miasto_450,Miasto_912,10
Miasto_450,Miasto_980,6
Miasto_451,Miasto_755,9
Miasto_451,Miasto_1124,13
Miasto_452,Miasto_491,7
Miasto_452,Miasto_838,8
Miasto_452,Miasto_1087,11
Miasto_452,Miasto_1599,8
Miasto_453,Miasto_700,11
Miasto_453,Miasto_970,3
Miasto_453,Miasto_1128,7
Miasto_454,Miasto_670,17
Miasto_454,Miasto_910,8
Miasto_454,Miasto_1254,2
Miasto_455,Miasto_685,9
Miasto_455,Miasto_1079,5
Miasto_455,Miasto_1287,15
Miasto_456,Miasto_893,8
Miasto_456,Miasto_1236,16
Miasto_456,Miasto_1519,1
Miasto_457,Miasto_1002,17
Miasto_457,Miasto_1212,7
Miasto_457,Miasto_1414,14
Miasto_458,Miasto_1303,2
Miasto_458,Miasto_1357,12
Miasto_459,Miasto_620,11
Miasto_459,Miasto_622,14
Miasto_459,Miasto_1331,11
Miasto_460,Miasto_1091,5
Miasto_461,Miasto_623,16
Miasto_461,Miasto_639,11
Miasto_461,Miasto_974,11
Miasto_462,Miasto_928,17
Miasto_462,Miasto_1159,13
Miasto_462,Miasto_1378,13
Miasto_463,Miasto_539,6
Miasto_463,Miasto_1158,3
Miasto_463,Miasto_1532,4
Miasto_464,Miasto_973,10
Miasto_464,Miasto_1218,5
Miasto_464,Miasto_1437,18
Miasto_465,Miasto_1360,13
Miasto_466,Miasto_484,2
Miasto_466,Miasto_641,2
Miasto_466,Miasto_1098,16
Miasto_466,Miasto_1284,3
Miasto_467,Miasto_1368,7
Miasto_468,Miasto_916,12
Miasto_468,Miasto_1479,12
Miasto_469,Miasto_668,8
Miasto_469,Miasto_1088,10
Miasto_469,Miasto_1200,15
Miasto_470,Miasto_929,7
Miasto_470,Miasto_1530,2
Miasto_470,Miasto_1582,17
Miasto_471,Miasto_678,9
Miasto_471,Miasto_756,17
Miasto_471,Miasto_799,14
Miasto_471,Miasto_1245,6
Miasto_472,Miasto_1256,2
Miasto_472,Miasto_1401,1
Miasto_473,Miasto_775,18
Miasto_473,Miasto_1382,2
Miasto_473,Miasto_1492,17
Miasto_474,Miasto_1167,2
Miasto_474,Miasto_1331,11
Miasto_474,Miasto_1421,11
Miasto_475,Miasto_989,14
Miasto_476,Miasto_1472,2
Miasto_476,Miasto_1593,3
Miasto_477,Miasto_499,9
Miasto_477,Miasto_605,14
Miasto_477,Miasto_1026,14
Miasto_477,Miasto_1190,2
Miasto_478,Miasto_542,5
Miasto_479,Miasto_1248,9
Miasto_479,Miasto_1390,8
Miasto_480,Miasto_1382,17
Miasto_480,Miasto_1492,17
Miasto_481,Miasto_1339,5
Miasto_481,Miasto_1566,11
Miasto_482,Miasto_1330,12
Miasto_482,Miasto_1374,3
Miasto_483,Miasto_658,1
Miasto_483,Miasto_709,10
Miasto_483,Miasto_1518,11
Miasto_484,Miasto_917,5
Miasto_484,Miasto_1182,16
Miasto_484,Miasto_1239,7
Miasto_485,Miasto_778,12
Miasto_485,Miasto_1019,9
Miasto_485,Miasto_1300,17
Miasto_486,Miasto_1526,16
Miasto_487,Miasto_680,11
Miasto_487,Miasto_848,7
Miasto_487,Miasto_1323,8
Miasto_487,Miasto_1484,14
Miasto_488,Miasto_913,18
Miasto_488,Miasto_960,12
Miasto_488,Miasto_1040,2
Miasto_490,Miasto_580,14
Miasto_490,Miasto_622,17
Miasto_490,Miasto_1331,1
Miasto_490,Miasto_1421,18
Miasto_491,Miasto_784,2
Miasto_491,Miasto_849,1
Miasto_491,Miasto_1297,2
Miasto_492,Miasto_702,13
Miasto_492,Miasto_801,7
Miasto_492,Miasto_1542,14
Miasto_493,Miasto_569,17
Miasto_493,Miasto_656,5
Miasto_493,Miasto_759,14
Miasto_494,Miasto_1596,12
Miasto_495,Miasto_552,14
Miasto_495,Miasto_597,13
Miasto_495,Miasto_1060,5
Miasto_496,Miasto_569,11
Miasto_496,Miasto_656,14
Miasto_496,Miasto_768,13
Miasto_496,Miasto_1033,8
Miasto_497,Miasto_675,15
Miasto_497,Miasto_1373,1
Miasto_497,Miasto_1476,1
Miasto_498,Miasto_852,16
Miasto_498,Miasto_1082,16
Miasto_499,Miasto_867,7
Miasto_499,Miasto_1051,7
Miasto_500,Miasto_595,2
Miasto_500,Miasto_1192,3
Miasto_500,Miasto_1488,12
Miasto_501,Miasto_724,6
Miasto_501,Miasto_1134,10
Miasto_502,Miasto_827,8
Miasto_503,Miasto_865,16
Miasto_503,Miasto_915,12
Miasto_503,Miasto_1267,17
Miasto_503,Miasto_1555,18
Miasto_504,Miasto_730,12
Miasto_504,Miasto_750,4
Miasto_504,Miasto_1203,6
Miasto_504,Miasto_1279,14
Miasto_505,Miasto_996,4
Miasto_505,Miasto_1062,1
Miasto_505,Miasto_1074,4
Miasto_505,Miasto_1500,9
Miasto_506,Miasto_842,7
Miasto_506,Miasto_1308,5
Miasto_507,Miasto_865,3
Miasto_507,Miasto_1555,8
Miasto_508,Miasto_1071,12
Miasto_508,Miasto_1094,14
Miasto_509,Miasto_895,4
Miasto_509,Miasto_1019,13
Miasto_509,Miasto_1300,9
Miasto_509,Miasto_1372,13
Miasto_510,Miasto_1191,18
Miasto_511,Miasto_630,16
Miasto_511,Miasto_843,5
Miasto_511,Miasto_936,10
Miasto_511,Miasto_990,9
Miasto_512,Miasto_665,17
Miasto_512,Miasto_830,7
Miasto_512,Miasto_1445,5
Miasto_512,Miasto_1552,5
Miasto_513,Miasto_606,1
Miasto_513,Miasto_817,7
Miasto_513,Miasto_1095,13
Miasto_514,Miasto_945,11
Miasto_514,Miasto_1526,6
Miasto_515,Miasto_1027,7
Miasto_515,Miasto_1536,17
Miasto_516,Miasto_792,11
Miasto_516,Miasto_1100,16
Miasto_516,Miasto_1199,6
Miasto_516,Miasto_1237,4
Miasto_517,Miasto_547,14
Miasto_517,Miasto_700,3
Miasto_517,Miasto_1228,2
Miasto_518,Miasto_755,4
Miasto_518,Miasto_1044,12
Miasto_518,Miasto_1350,11
Miasto_519,Miasto_784,15
Miasto_519,Miasto_1085,4
Miasto_519,Miasto_1264,2
Miasto_520,Miasto_721,3
Miasto_520,Miasto_766,15
Miasto_520,Miasto_959,13
Miasto_520,Miasto_1556,17
Miasto_521,Miasto_582,10
Miasto_521,Miasto_713,13
Miasto_521,Miasto_1127,11
Miasto_521,Miasto_1180,7
Miasto_522,Miasto_660,12
Miasto_522,Miasto_1058,7
Miasto_522,Miasto_1363,15
Miasto_522,Miasto_1447,18
Miasto_523,Miasto_857,14
Miasto_523,Miasto_1360,3
Miasto_524,Miasto_671,2
Miasto_524,Miasto_856,13
Miasto_524,Miasto_1433,7
Miasto_525,Miasto_559,16
Miasto_525,Miasto_1038,2
Miasto_525,Miasto_1129,15
Miasto_526,Miasto_933,2
Miasto_526,Miasto_1305,15
Miasto_526,Miasto_1442,7
Miasto_527,Miasto_1369,14
Miasto_527,Miasto_1431,13
Miasto_527,Miasto_1452,7
Miasto_528,Miasto_541,6
Miasto_528,Miasto_670,6
Miasto_528,Miasto_746,14
Miasto_528,Miasto_1254,16
Miasto_529,Miasto_806,15
Miasto_529,Miasto_1132,9
Miasto_530,Miasto_1392,18
Miasto_530,Miasto_1472,2
Miasto_531,Miasto_883,12
Miasto_531,Miasto_1226,11
Miasto_531,Miasto_1354,18
Miasto_532,Miasto_778,3
Miasto_532,Miasto_986,10
Miasto_532,Miasto_1019,9
Miasto_533,Miasto_935,7
Miasto_533,Miasto_1109,16
Miasto_534,Miasto_835,9
Miasto_534,Miasto_1277,18
Miasto_535,Miasto_738,3
Miasto_535,Miasto_760,5
Miasto_535,Miasto_1116,4
Miasto_535,Miasto_1535,7
Miasto_536,Miasto_564,9
Miasto_536,Miasto_788,16
Miasto_536,Miasto_950,2
Miasto_537,Miasto_650,6
Miasto_537,Miasto_1009,18
Miasto_537,Miasto_1119,13
Miasto_537,Miasto_1333,14
Miasto_538,Miasto_691,6
Miasto_538,Miasto_774,2
Miasto_538,Miasto_947,9
Miasto_538,Miasto_1098,18
Miasto_539,Miasto_616,18
Miasto_539,Miasto_880,10
Miasto_539,Miasto_1572,2
Miasto_540,Miasto_924,11
Miasto_540,Miasto_1563,11
Miasto_540,Miasto_1573,9
Miasto_541,Miasto_659,18
Miasto_541,Miasto_1266,6
Miasto_541,Miasto_1314,8
Miasto_542,Miasto_1428,15
Miasto_542,Miasto_1550,8
Miasto_542,Miasto_1562,14
Miasto_543,Miasto_1034,14
Miasto_543,Miasto_1124,15
Miasto_543,Miasto_1157,8
Miasto_543,Miasto_1458,11
Miasto_544,Miasto_600,6
Miasto_544,Miasto_665,10
Miasto_544,Miasto_1131,2
Miasto_545,Miasto_555,16
Miasto_545,Miasto_712,5
Miasto_545,Miasto_1023,4
Miasto_547,Miasto_862,10
Miasto_547,Miasto_1039,12
Miasto_547,Miasto_1387,6
Miasto_548,Miasto_1198,7
Miasto_548,Miasto_1439,18
Miasto_548,Miasto_1494,9
Miasto_549,Miasto_662,7
Miasto_549,Miasto_944,6
Miasto_549,Miasto_1457,7
Miasto_550,Miasto_1128,2
Miasto_550,Miasto_1509,13
Miasto_551,Miasto_684,14
Miasto_551,Miasto_1168,9
Miasto_551,Miasto_1250,15
Miasto_552,Miasto_1078,2
Miasto_552,Miasto_1114,2
Miasto_553,Miasto_814,10
Miasto_553,Miasto_1533,6
Miasto_554,Miasto_815,12
Miasto_554,Miasto_1071,9
Miasto_554,Miasto_1129,4
Miasto_555,Miasto_588,6
Miasto_555,Miasto_1011,2
Miasto_556,Miasto_1030,6
Miasto_556,Miasto_1120,1
Miasto_556,Miasto_1272,2
Miasto_557,Miasto_777,3
Miasto_557,Miasto_824,13
Miasto_557,Miasto_1291,11
Miasto_558,Miasto_808,2
Miasto_558,Miasto_906,14
Miasto_558,Miasto_1340,8
Miasto_559,Miasto_946,9
Miasto_560,Miasto_965,8
Miasto_560,Miasto_1069,13
Miasto_561,Miasto_591,13
Miasto_561,Miasto_657,7
Miasto_561,Miasto_1554,2
Miasto_562,Miasto_808,10
Miasto_562,Miasto_928,15
Miasto_562,Miasto_1340,7
Miasto_563,Miasto_717,8
Miasto_563,Miasto_756,8
Miasto_563,Miasto_799,9
Miasto_564,Miasto_840,17
Miasto_564,Miasto_1092,17
Miasto_565,Miasto_1196,15
Miasto_565,Miasto_1322,13
Miasto_565,Miasto_1580,16
Miasto_566,Miasto_710,11
Miasto_566,Miasto_859,9
Miasto_566,Miasto_1193,7
Miasto_567,Miasto_868,14
Miasto_567,Miasto_939,9
Miasto_567,Miasto_1000,3
Miasto_567,Miasto_1014,14
Miasto_568,Miasto_1028,9
Miasto_568,Miasto_1482,8
Miasto_569,Miasto_884,7
Miasto_569,Miasto_1385,13
Miasto_570,Miasto_727,17
Miasto_570,Miasto_732,5
Miasto_570,Miasto_759,8
Miasto_570,Miasto_1223,10
Miasto_571,Miasto_1139,18
Miasto_571,Miasto_1467,4
Miasto_572,Miasto_683,1
Miasto_572,Miasto_1287,5
Miasto_572,Miasto_1466,2
Miasto_573,Miasto_1052,10
Miasto_573,Miasto_1295,10
Miasto_573,Miasto_1539,17
Miasto_574,Miasto_834,8
Miasto_574,Miasto_1125,12
Miasto_574,Miasto_1214,7
Miasto_575,Miasto_706,17
Miasto_575,Miasto_1280,7
Miasto_575,Miasto_1592,18
Miasto_576,Miasto_1376,9
Miasto_576,Miasto_1422,15
Miasto_576,Miasto_1543,5
Miasto_576,Miasto_1575,7
Miasto_577,Miasto_699,16
Miasto_577,Miasto_934,18
Miasto_577,Miasto_1131,8
Miasto_578,Miasto_749,12
Miasto_578,Miasto_1311,10
Miasto_579,Miasto_1228,1
Miasto_580,Miasto_1189,10
Miasto_581,Miasto_697,8
Miasto_581,Miasto_1583,15
Miasto_582,Miasto_594,16
Miasto_582,Miasto_1018,7
Miasto_582,Miasto_1093,6
Miasto_583,Miasto_629,14
Miasto_583,Miasto_1471,6
Miasto_584,Miasto_591,2
Miasto_584,Miasto_982,12
Miasto_584,Miasto_1423,18
Miasto_585,Miasto_1077,6
Miasto_586,Miasto_949,2
Miasto_586,Miasto_1338,3
Miasto_587,Miasto_637,9
Miasto_587,Miasto_1003,9
Miasto_587,Miasto_1121,9
Miasto_587,Miasto_1443,6
Miasto_588,Miasto_996,16
Miasto_589,Miasto_716,16
Miasto_589,Miasto_811,7
Miasto_589,Miasto_1529,6
Miasto_590,Miasto_1096,3
Miasto_590,Miasto_1126,14
Miasto_590,Miasto_1323,13
Miasto_590,Miasto_1543,3
Miasto_591,Miasto_1431,16
Miasto_591,Miasto_1446,6
Miasto_592,Miasto_1057,17
Miasto_592,Miasto_1101,10
Miasto_592,Miasto_1502,16
Miasto_593,Miasto_712,2
Miasto_594,Miasto_1127,8
Miasto_594,Miasto_1453,7
Miasto_594,Miasto_1459,4
Miasto_595,Miasto_1010,13
Miasto_596,Miasto_1181,17
Miasto_596,Miasto_1583,14
Miasto_597,Miasto_1065,14
Miasto_597,Miasto_1078,2
Miasto_597,Miasto_1513,9
Miasto_598,Miasto_1339,18
Miasto_598,Miasto_1496,7
Miasto_598,Miasto_1507,3
Miasto_599,Miasto_880,11
Miasto_599,Miasto_1061,6
Miasto_599,Miasto_1152,4
Miasto_600,Miasto_662,1
Miasto_601,Miasto_968,9
Miasto_601,Miasto_1470,17
Miasto_601,Miasto_1511,15
Miasto_602,Miasto_618,14
Miasto_602,Miasto_740,11
Miasto_602,Miasto_1106,4
Miasto_603,Miasto_816,6
Miasto_603,Miasto_870,8
Miasto_603,Miasto_890,11
Miasto_604,Miasto_1557,7
Miasto_605,Miasto_618,14
Miasto_606,Miasto_951,14
Miasto_606,Miasto_1482,7
Miasto_607,Miasto_1144,1
Miasto_607,Miasto_1277,11
Miasto_607,Miasto_1388,13
Miasto_608,Miasto_1289,17
Miasto_608,Miasto_1586,11
Miasto_609,Miasto_1071,12
Miasto_609,Miasto_1394,15
Miasto_610,Miasto_908,2
Miasto_610,Miasto_1216,4
Miasto_610,Miasto_1325,2
Miasto_611,Miasto_614,6
Miasto_611,Miasto_638,7
Miasto_611,Miasto_659,8
Miasto_611,Miasto_970,3
Miasto_612,Miasto_773,11
Miasto_612,Miasto_1245,15
Miasto_612,Miasto_1412,6
Miasto_612,Miasto_1415,11
Miasto_613,Miasto_1015,2
Miasto_613,Miasto_1470,16
Miasto_613,Miasto_1511,16
Miasto_613,Miasto_1522,18
Miasto_614,Miasto_752,2
Miasto_614,Miasto_1246,13
Miasto_614,Miasto_1595,3
Miasto_616,Miasto_640,11
Miasto_616,Miasto_786,5
Miasto_617,Miasto_1379,11
Miasto_619,Miasto_1009,12
Miasto_619,Miasto_1119,15
Miasto_619,Miasto_1226,2
Miasto_620,Miasto_644,9
Miasto_621,Miasto_802,16
Miasto_621,Miasto_1099,9
Miasto_621,Miasto_1343,16
Miasto_623,Miasto_790,11
Miasto_623,Miasto_901,2
Miasto_623,Miasto_1430,17
Miasto_624,Miasto_892,13
Miasto_624,Miasto_1184,8
Miasto_624,Miasto_1599,9
Miasto_625,Miasto_858,4
Miasto_625,Miasto_976,11
Miasto_625,Miasto_1209,8
Miasto_625,Miasto_1217,3
Miasto_626,Miasto_704,6
Miasto_626,Miasto_725,8
Miasto_626,Miasto_860,13
Miasto_627,Miasto_708,13
Miasto_627,Miasto_1205,7
Miasto_627,Miasto_1510,10
Miasto_628,Miasto_1359,7
Miasto_628,Miasto_1363,18
Miasto_628,Miasto_1567,15
Miasto_629,Miasto_940,17
Miasto_629,Miasto_1064,15
Miasto_630,Miasto_641,17
Miasto_630,Miasto_1519,17
Miasto_631,Miasto_873,4
Miasto_631,Miasto_886,14
Miasto_631,Miasto_1540,17
Miasto_632,Miasto_1224,15
Miasto_632,Miasto_1496,18
Miasto_632,Miasto_1507,16
Miasto_633,Miasto_722,14
Miasto_633,Miasto_812,8
Miasto_633,Miasto_1085,14
Miasto_633,Miasto_1264,8
Miasto_634,Miasto_1135,11
Miasto_634,Miasto_1273,11
Miasto_634,Miasto_1379,3
Miasto_635,Miasto_1568,8
Miasto_636,Miasto_937,18
Miasto_636,Miasto_1056,17
Miasto_636,Miasto_1142,4
Miasto_637,Miasto_984,5
Miasto_637,Miasto_1225,6
Miasto_638,Miasto_746,12
Miasto_638,Miasto_1110,13
Miasto_639,Miasto_1352,7
Miasto_639,Miasto_1430,12
Miasto_640,Miasto_952,4
Miasto_640,Miasto_1104,10
Miasto_640,Miasto_1221,17
Miasto_641,Miasto_739,12
Miasto_641,Miasto_843,18
Miasto_642,Miasto_679,2
Miasto_642,Miasto_1024,11
Miasto_642,Miasto_1419,12
Miasto_643,Miasto_1117,5
Miasto_643,Miasto_1433,15
Miasto_644,Miasto_654,15
Miasto_644,Miasto_780,18
Miasto_645,Miasto_1471,5
Miasto_646,Miasto_996,11
Miasto_646,Miasto_1062,6
Miasto_647,Miasto_987,7
Miasto_648,Miasto_768,11
Miasto_648,Miasto_1033,7
Miasto_648,Miasto_1477,13
Miasto_649,Miasto_1357,13
Miasto_650,Miasto_735,3
Miasto_650,Miasto_1375,5
Miasto_651,Miasto_1088,14
Miasto_651,Miasto_1200,10
Miasto_651,Miasto_1559,2
Miasto_652,Miasto_1308,10
Miasto_652,Miasto_1481,15
Miasto_652,Miasto_1561,13
Miasto_653,Miasto_925,5
Miasto_653,Miasto_1340,17
Miasto_654,Miasto_926,18
Miasto_654,Miasto_1025,10
Miasto_654,Miasto_1400,17
Miasto_655,Miasto_1589,2
Miasto_656,Miasto_1032,10
Miasto_657,Miasto_906,2
Miasto_657,Miasto_1031,6
Miasto_657,Miasto_1544,17
Miasto_658,Miasto_1038,8
Miasto_658,Miasto_1129,8
Miasto_659,Miasto_746,4
Miasto_659,Miasto_752,4
Miasto_660,Miasto_778,17
Miasto_660,Miasto_986,8
Miasto_661,Miasto_813,9
Miasto_661,Miasto_995,16
Miasto_662,Miasto_1286,5
Miasto_663,Miasto_1509,13
Miasto_664,Miasto_689,13
Miasto_664,Miasto_1292,17
Miasto_664,Miasto_1506,11
Miasto_666,Miasto_1175,9
Miasto_667,Miasto_1131,3
Miasto_667,Miasto_1509,4
Miasto_668,Miasto_919,11
Miasto_668,Miasto_1475,16
Miasto_669,Miasto_716,12
Miasto_669,Miasto_1172,2
Miasto_670,Miasto_1314,16
Miasto_672,Miasto_727,1
Miasto_672,Miasto_759,3
Miasto_672,Miasto_1382,15
Miasto_673,Miasto_971,4
Miasto_673,Miasto_1262,17
Miasto_673,Miasto_1341,1
Miasto_674,Miasto_747,10
Miasto_674,Miasto_1132,13
Miasto_675,Miasto_763,11
Miasto_675,Miasto_1464,9
Miasto_676,Miasto_718,3
Miasto_676,Miasto_738,3
Miasto_676,Miasto_765,6
Miasto_677,Miasto_1080,12
Miasto_677,Miasto_1165,16
Miasto_678,Miasto_1454,17
Miasto_679,Miasto_694,13
Miasto_679,Miasto_1281,18
Miasto_679,Miasto_1362,17
Miasto_680,Miasto_831,15
Miasto_680,Miasto_1536,9
Miasto_681,Miasto_1384,5
Miasto_681,Miasto_1501,15
Miasto_682,Miasto_706,16
Miasto_682,Miasto_1587,10
Miasto_683,Miasto_772,1
Miasto_683,Miasto_845,16
Miasto_683,Miasto_1462,4
Miasto_684,Miasto_1348,18
Miasto_685,Miasto_1361,18
Miasto_685,Miasto_1417,10
Miasto_686,Miasto_834,17
Miasto_686,Miasto_1010,12
Miasto_686,Miasto_1079,8
Miasto_687,Miasto_1330,12
Miasto_688,Miasto_1124,18
Miasto_688,Miasto_1157,12
Miasto_689,Miasto_892,15
Miasto_689,Miasto_994,3
Miasto_690,Miasto_713,18
Miasto_690,Miasto_1067,18
Miasto_690,Miasto_1380,16
Miasto_690,Miasto_1524,17
Miasto_691,Miasto_1239,11
Miasto_692,Miasto_717,13
Miasto_692,Miasto_976,9
Miasto_692,Miasto_1217,12
Miasto_693,Miasto_705,6
Miasto_694,Miasto_1005,5
Miasto_695,Miasto_1277,7
Miasto_695,Miasto_1506,18
Miasto_696,Miasto_728,14
Miasto_696,Miasto_1083,7
Miasto_696,Miasto_1366,16
Miasto_696,Miasto_1456,18
Miasto_697,Miasto_1509,3
Miasto_698,Miasto_857,1
Miasto_699,Miasto_719,6
Miasto_699,Miasto_963,15
Miasto_699,Miasto_1257,6
Miasto_700,Miasto_1039,9
Miasto_701,Miasto_848,17
Miasto_701,Miasto_955,6
Miasto_701,Miasto_1499,4
Miasto_702,Miasto_808,9
Miasto_702,Miasto_906,13
Miasto_702,Miasto_1544,6
Miasto_703,Miasto_1202,1
Miasto_703,Miasto_1551,9
Miasto_703,Miasto_1559,3
Miasto_704,Miasto_1133,4
Miasto_704,Miasto_1335,18
Miasto_705,Miasto_1043,2
Miasto_706,Miasto_1290,1
Miasto_707,Miasto_718,4
Miasto_707,Miasto_765,10
Miasto_708,Miasto_878,10
Miasto_708,Miasto_1251,5
Miasto_708,Miasto_1373,15
Miasto_709,Miasto_1394,6
Miasto_709,Miasto_1399,16
Miasto_710,Miasto_805,8
Miasto_710,Miasto_1317,8
Miasto_710,Miasto_1545,4
Miasto_712,Miasto_971,12
Miasto_713,Miasto_849,18
Miasto_713,Miasto_1093,5
Miasto_714,Miasto_796,4
Miasto_714,Miasto_872,3
Miasto_714,Miasto_1419,18
Miasto_715,Miasto_762,16
Miasto_715,Miasto_829,15
Miasto_716,Miasto_1147,9
Miasto_717,Miasto_1015,6
Miasto_717,Miasto_1522,4
Miasto_718,Miasto_883,3
Miasto_718,Miasto_1435,17
Miasto_719,Miasto_1090,2
Miasto_719,Miasto_1128,12
Miasto_720,Miasto_869,11
Miasto_720,Miasto_1202,10
Miasto_720,Miasto_1551,3
Miasto_721,Miasto_789,4
Miasto_721,Miasto_1304,8
Miasto_721,Miasto_1578,18
Miasto_722,Miasto_836,14
Miasto_722,Miasto_1127,8
Miasto_722,Miasto_1453,15
Miasto_723,Miasto_1279,18
Miasto_723,Miasto_1461,4
Miasto_724,Miasto_751,6
Miasto_724,Miasto_1073,9
Miasto_724,Miasto_1204,10
Miasto_725,Miasto_1120,18
Miasto_725,Miasto_1335,6
Miasto_725,Miasto_1480,8
Miasto_726,Miasto_1494,8
Miasto_727,Miasto_1047,4
Miasto_727,Miasto_1137,16
Miasto_729,Miasto_897,16
Miasto_729,Miasto_1114,15
Miasto_729,Miasto_1275,15
Miasto_730,Miasto_1247,7
Miasto_731,Miasto_912,4
Miasto_731,Miasto_1327,8
Miasto_732,Miasto_1137,1
Miasto_732,Miasto_1546,14
Miasto_732,Miasto_1591,4
Miasto_733,Miasto_930,3
Miasto_733,Miasto_1169,6
Miasto_733,Miasto_1283,17
Miasto_733,Miasto_1409,12
Miasto_734,Miasto_815,3
Miasto_734,Miasto_1071,14
Miasto_735,Miasto_1333,7
Miasto_736,Miasto_1118,16
Miasto_736,Miasto_1422,15
Miasto_736,Miasto_1575,10
Miasto_737,Miasto_841,3
Miasto_737,Miasto_1087,10
Miasto_737,Miasto_1184,9
Miasto_737,Miasto_1599,14
Miasto_738,Miasto_1053,9
Miasto_739,Miasto_1284,4
Miasto_739,Miasto_1519,1
Miasto_740,Miasto_942,15
Miasto_740,Miasto_1461,1
Miasto_741,Miasto_1150,7
Miasto_741,Miasto_1447,11
Miasto_741,Miasto_1553,8
Miasto_741,Miasto_1598,1
Miasto_742,Miasto_1266,15
Miasto_742,Miasto_1314,9
Miasto_742,Miasto_1483,12
Miasto_743,Miasto_833,3
Miasto_743,Miasto_941,7
Miasto_744,Miasto_793,17
Miasto_744,Miasto_889,14
Miasto_745,Miasto_1167,1
Miasto_745,Miasto_1331,3
Miasto_745,Miasto_1342,15
Miasto_747,Miasto_1298,10
Miasto_747,Miasto_1334,8
Miasto_748,Miasto_779,14
Miasto_748,Miasto_902,5
Miasto_748,Miasto_923,4
Miasto_748,Miasto_1176,14
Miasto_749,Miasto_925,5
Miasto_749,Miasto_928,2
Miasto_749,Miasto_1340,8
Miasto_750,Miasto_780,8
Miasto_750,Miasto_1242,9
Miasto_750,Miasto_1247,6
Miasto_751,Miasto_868,9
Miasto_751,Miasto_1014,12
Miasto_751,Miasto_1134,7
Miasto_752,Miasto_1266,5
Miasto_752,Miasto_1514,18
Miasto_753,Miasto_877,16
Miasto_753,Miasto_878,14
Miasto_753,Miasto_1168,5
Miasto_753,Miasto_1186,6
Miasto_754,Miasto_1119,18
Miasto_754,Miasto_1178,11
Miasto_755,Miasto_1508,11
Miasto_756,Miasto_957,6
Miasto_756,Miasto_1454,2
Miasto_757,Miasto_1454,1
Miasto_758,Miasto_961,6
Miasto_758,Miasto_980,7
Miasto_758,Miasto_1489,14
Miasto_760,Miasto_1407,9
Miasto_760,Miasto_1468,11
Miasto_761,Miasto_1436,12
Miasto_762,Miasto_1164,3
Miasto_762,Miasto_1353,15
Miasto_763,Miasto_1046,17
Miasto_763,Miasto_1396,11
Miasto_763,Miasto_1418,13
Miasto_764,Miasto_1122,8
Miasto_764,Miasto_1345,8
Miasto_765,Miasto_899,11
Miasto_765,Miasto_1053,9
Miasto_766,Miasto_813,3
Miasto_766,Miasto_933,2
Miasto_766,Miasto_995,3
Miasto_767,Miasto_1070,12
Miasto_767,Miasto_1582,4
Miasto_768,Miasto_884,15
Miasto_769,Miasto_873,11
Miasto_769,Miasto_930,13
Miasto_769,Miasto_1409,3
Miasto_770,Miasto_845,14
Miasto_770,Miasto_1086,15
Miasto_770,Miasto_1590,14
Miasto_771,Miasto_1497,6
Miasto_771,Miasto_1528,12
Miasto_772,Miasto_1203,7
Miasto_772,Miasto_1466,7
Miasto_772,Miasto_1538,17
Miasto_773,Miasto_1042,11
Miasto_774,Miasto_843,3
Miasto_774,Miasto_936,5
Miasto_774,Miasto_1252,17
Miasto_775,Miasto_882,7
Miasto_775,Miasto_1385,9
Miasto_776,Miasto_1174,1
Miasto_776,Miasto_1515,14
Miasto_777,Miasto_787,15
Miasto_777,Miasto_876,1
Miasto_777,Miasto_1207,7
Miasto_778,Miasto_981,8
Miasto_779,Miasto_956,5
Miasto_779,Miasto_1280,17
Miasto_780,Miasto_926,5
Miasto_781,Miasto_1456,6
Miasto_781,Miasto_1542,10
Miasto_782,Miasto_944,12
Miasto_782,Miasto_1440,12
Miasto_782,Miasto_1457,16
Miasto_783,Miasto_988,18
Miasto_783,Miasto_1069,5
Miasto_783,Miasto_1594,16
Miasto_784,Miasto_838,15
Miasto_784,Miasto_1180,8
Miasto_785,Miasto_968,12
Miasto_785,Miasto_1518,6
Miasto_786,Miasto_880,11
Miasto_786,Miasto_1104,3
Miasto_787,Miasto_824,14
Miasto_787,Miasto_1046,3
Miasto_787,Miasto_1418,16
Miasto_788,Miasto_1268,16
Miasto_789,Miasto_868,10
Miasto_789,Miasto_939,3
Miasto_789,Miasto_1556,6
Miasto_790,Miasto_920,10
Miasto_791,Miasto_1065,6
Miasto_791,Miasto_1513,1
Miasto_791,Miasto_1554,18
Miasto_792,Miasto_989,9
Miasto_793,Miasto_880,1
Miasto_793,Miasto_1061,5
Miasto_793,Miasto_1572,16
Miasto_794,Miasto_921,5
Miasto_794,Miasto_935,3
Miasto_794,Miasto_1566,14
Miasto_795,Miasto_1095,1
Miasto_795,Miasto_1145,1
Miasto_795,Miasto_1152,9
Miasto_796,Miasto_1290,11
Miasto_797,Miasto_1336,5
Miasto_798,Miasto_865,7
Miasto_798,Miasto_915,3
Miasto_798,Miasto_946,16
Miasto_798,Miasto_966,17
Miasto_799,Miasto_1015,8
Miasto_800,Miasto_993,9
Miasto_801,Miasto_808,4
Miasto_802,Miasto_1282,10
Miasto_802,Miasto_1444,4
Miasto_803,Miasto_1057,17
Miasto_803,Miasto_1493,8
Miasto_804,Miasto_923,15
Miasto_804,Miasto_1349,2
Miasto_804,Miasto_1473,11
Miasto_805,Miasto_859,6
Miasto_805,Miasto_1249,9
Miasto_807,Miasto_869,18
Miasto_807,Miasto_945,18
Miasto_809,Miasto_839,5
Miasto_809,Miasto_1000,13
Miasto_809,Miasto_1014,13
Miasto_809,Miasto_1220,18
Miasto_811,Miasto_1147,10
Miasto_811,Miasto_1240,15
Miasto_811,Miasto_1468,2
Miasto_812,Miasto_836,17
Miasto_812,Miasto_1177,7
Miasto_813,Miasto_959,16
Miasto_814,Miasto_892,17
Miasto_814,Miasto_994,2
Miasto_814,Miasto_1184,17
Miasto_815,Miasto_1179,18
Miasto_816,Miasto_1384,6
Miasto_816,Miasto_1501,5
Miasto_817,Miasto_1343,6
Miasto_817,Miasto_1517,4
Miasto_818,Miasto_835,1
Miasto_818,Miasto_1594,9
Miasto_819,Miasto_1350,6
Miasto_819,Miasto_1458,15
Miasto_820,Miasto_1316,2
Miasto_821,Miasto_936,14
Miasto_821,Miasto_953,6
Miasto_821,Miasto_990,3
Miasto_822,Miasto_1145,17
Miasto_822,Miasto_1312,16
Miasto_822,Miasto_1374,15
Miasto_823,Miasto_1315,10
Miasto_823,Miasto_1493,9
Miasto_824,Miasto_1437,12
Miasto_825,Miasto_991,4
Miasto_825,Miasto_1386,12
Miasto_826,Miasto_848,17
Miasto_826,Miasto_1126,15
Miasto_826,Miasto_1323,16
Miasto_826,Miasto_1499,8
Miasto_827,Miasto_1347,14
Miasto_828,Miasto_853,15
Miasto_828,Miasto_1165,1
Miasto_828,Miasto_1359,1
Miasto_829,Miasto_1164,14
Miasto_829,Miasto_1345,7
Miasto_830,Miasto_944,4
Miasto_831,Miasto_1306,12
Miasto_832,Miasto_1026,5
Miasto_832,Miasto_1084,1
Miasto_832,Miasto_1190,12
Miasto_832,Miasto_1451,15
Miasto_833,Miasto_956,9
Miasto_833,Miasto_1280,9
Miasto_833,Miasto_1324,15
Miasto_834,Miasto_1201,17
Miasto_835,Miasto_863,11
Miasto_835,Miasto_1355,14
Miasto_836,Miasto_1406,17
Miasto_837,Miasto_953,8
Miasto_837,Miasto_1183,14
Miasto_837,Miasto_1319,17
Miasto_837,Miasto_1438,9
Miasto_839,Miasto_1148,2
Miasto_839,Miasto_1204,15
Miasto_839,Miasto_1549,14
Miasto_840,Miasto_950,9
Miasto_840,Miasto_1263,14
Miasto_840,Miasto_1276,1
Miasto_841,Miasto_1045,16
Miasto_842,Miasto_1224,13
Miasto_843,Miasto_1098,2
Miasto_844,Miasto_1052,1
Miasto_844,Miasto_1289,6
Miasto_844,Miasto_1539,1
Miasto_845,Miasto_1538,2
Miasto_845,Miasto_1557,9
Miasto_846,Miasto_850,15
Miasto_846,Miasto_958,15
Miasto_846,Miasto_1200,6
Miasto_846,Miasto_1559,7
Miasto_847,Miasto_1168,10
Miasto_847,Miasto_1186,17
Miasto_847,Miasto_1250,12
Miasto_847,Miasto_1252,6
Miasto_849,Miasto_1067,17
Miasto_849,Miasto_1180,15
Miasto_850,Miasto_881,10
Miasto_850,Miasto_1169,4
Miasto_850,Miasto_1283,2
Miasto_851,Miasto_969,5
Miasto_851,Miasto_1078,16
Miasto_851,Miasto_1114,15
Miasto_851,Miasto_1275,7
Miasto_852,Miasto_985,9
Miasto_852,Miasto_1227,18
Miasto_853,Miasto_1047,12
Miasto_853,Miasto_1054,2
Miasto_853,Miasto_1137,3
Miasto_854,Miasto_1429,14
Miasto_854,Miasto_1463,4
Miasto_854,Miasto_1512,11
Miasto_855,Miasto_991,16
Miasto_855,Miasto_1386,7
Miasto_856,Miasto_1310,18
Miasto_857,Miasto_1307,10
Miasto_857,Miasto_1404,16
Miasto_858,Miasto_867,17
Miasto_859,Miasto_873,4
Miasto_859,Miasto_1409,17
Miasto_860,Miasto_1410,5
Miasto_860,Miasto_1480,14
Miasto_861,Miasto_1009,5
Miasto_861,Miasto_1226,6
Miasto_861,Miasto_1354,6
Miasto_862,Miasto_1565,18
Miasto_863,Miasto_1277,1
Miasto_863,Miasto_1388,18
Miasto_864,Miasto_930,2
Miasto_864,Miasto_1256,2
Miasto_864,Miasto_1283,3
Miasto_864,Miasto_1401,8
Miasto_866,Miasto_1197,7
Miasto_866,Miasto_1472,17
Miasto_866,Miasto_1593,3
Miasto_867,Miasto_1217,10
Miasto_867,Miasto_1230,11
Miasto_868,Miasto_1305,14
Miasto_869,Miasto_1143,1
Miasto_869,Miasto_1405,5
Miasto_870,Miasto_1103,10
Miasto_870,Miasto_1501,15
Miasto_871,Miasto_1109,3
Miasto_871,Miasto_1163,10
Miasto_871,Miasto_1474,2
Miasto_872,Miasto_1362,12
Miasto_873,Miasto_1193,11
Miasto_874,Miasto_1041,15
Miasto_874,Miasto_1558,7
Miasto_874,Miasto_1564,2
Miasto_874,Miasto_1587,16
Miasto_875,Miasto_1353,5
Miasto_875,Miasto_1528,7
Miasto_876,Miasto_1046,1
Miasto_876,Miasto_1150,7
Miasto_876,Miasto_1598,6
Miasto_877,Miasto_1205,11
Miasto_877,Miasto_1585,4
Miasto_878,Miasto_1205,15
Miasto_878,Miasto_1381,5
Miasto_879,Miasto_1181,17
Miasto_879,Miasto_1270,13
Miasto_881,Miasto_1551,15
Miasto_881,Miasto_1559,9
Miasto_882,Miasto_1130,6
Miasto_882,Miasto_1260,2
Miasto_884,Miasto_1260,3
Miasto_885,Miasto_902,3
Miasto_885,Miasto_1148,6
Miasto_885,Miasto_1176,16
Miasto_885,Miasto_1515,16
Miasto_887,Miasto_965,16
Miasto_887,Miasto_1292,7
Miasto_887,Miasto_1506,7
Miasto_888,Miasto_894,10
Miasto_888,Miasto_1161,11
Miasto_888,Miasto_1391,16
Miasto_888,Miasto_1426,1
Miasto_889,Miasto_911,13
Miasto_889,Miasto_1332,8
Miasto_889,Miasto_1572,5
Miasto_890,Miasto_1270,16
Miasto_891,Miasto_1061,4
Miasto_891,Miasto_1145,8
Miasto_891,Miasto_1152,14
Miasto_893,Miasto_1028,1
Miasto_893,Miasto_1482,15
Miasto_894,Miasto_1226,1
Miasto_895,Miasto_1386,17
Miasto_896,Miasto_1045,1
Miasto_896,Miasto_1333,13
Miasto_898,Miasto_973,18
Miasto_898,Miasto_1103,17
Miasto_898,Miasto_1218,16
Miasto_899,Miasto_1187,15
Miasto_899,Miasto_1321,18
Miasto_900,Miasto_993,8
Miasto_901,Miasto_920,6
Miasto_901,Miasto_1208,10
Miasto_902,Miasto_1220,8
Miasto_902,Miasto_1584,13
Miasto_903,Miasto_976,1
Miasto_903,Miasto_1041,8
Miasto_903,Miasto_1564,6
Miasto_904,Miasto_1378,16
Miasto_905,Miasto_1223,13
Miasto_905,Miasto_1243,9
Miasto_905,Miasto_1291,5
Miasto_907,Miasto_936,8
Miasto_907,Miasto_1250,3
Miasto_907,Miasto_1252,2
Miasto_909,Miasto_1299,18
Miasto_909,Miasto_1383,9
Miasto_910,Miasto_1449,4
Miasto_911,Miasto_1064,13
Miasto_912,Miasto_1416,16
Miasto_913,Miasto_973,10
Miasto_914,Miasto_1563,15
Miasto_915,Miasto_1115,4
Miasto_916,Miasto_1151,2
Miasto_917,Miasto_1006,10
Miasto_917,Miasto_1284,10
Miasto_917,Miasto_1440,18
Miasto_918,Miasto_957,18
Miasto_918,Miasto_1377,14
Miasto_918,Miasto_1454,14
Miasto_919,Miasto_1044,7
Miasto_919,Miasto_1177,5
Miasto_919,Miasto_1259,8
Miasto_920,Miasto_1493,15
Miasto_922,Miasto_1160,15
Miasto_922,Miasto_1201,11
Miasto_923,Miasto_956,11
Miasto_923,Miasto_1584,7
Miasto_924,Miasto_998,3
Miasto_924,Miasto_1018,2
Miasto_924,Miasto_1100,8
Miasto_926,Miasto_1242,6
Miasto_926,Miasto_1420,3
Miasto_927,Miasto_1083,10
Miasto_927,Miasto_1309,6
Miasto_927,Miasto_1456,17
Miasto_929,Miasto_1221,1
Miasto_929,Miasto_1444,6
Miasto_930,Miasto_1269,16
Miasto_931,Miasto_985,10
Miasto_931,Miasto_1518,6
Miasto_932,Miasto_1365,16
Miasto_932,Miasto_1530,11
Miasto_932,Miasto_1547,1
Miasto_933,Miasto_1520,16
Miasto_933,Miasto_1556,7
Miasto_934,Miasto_1257,11
Miasto_935,Miasto_1469,9
Miasto_937,Miasto_999,16
Miasto_937,Miasto_1118,6
Miasto_937,Miasto_1575,13
Miasto_939,Miasto_1578,15
Miasto_940,Miasto_977,7
Miasto_941,Miasto_994,16
Miasto_942,Miasto_1086,11
Miasto_942,Miasto_1590,16
Miasto_943,Miasto_1238,6
Miasto_943,Miasto_1588,11
Miasto_945,Miasto_1143,1
Miasto_945,Miasto_1364,11
Miasto_947,Miasto_1186,2
Miasto_947,Miasto_1252,11
Miasto_948,Miasto_1076,1
Miasto_948,Miasto_1341,7
Miasto_948,Miasto_1581,6
Miasto_949,Miasto_1497,16
Miasto_951,Miasto_1095,1
Miasto_952,Miasto_1001,18
Miasto_952,Miasto_1244,5
Miasto_953,Miasto_954,3
Miasto_953,Miasto_1301,14
Miasto_954,Miasto_1183,4
Miasto_954,Miasto_1534,2
Miasto_955,Miasto_1261,9
Miasto_956,Miasto_1473,18
Miasto_957,Miasto_1041,15
Miasto_958,Miasto_1283,15
Miasto_958,Miasto_1401,14
Miasto_958,Miasto_1475,2
Miasto_959,Miasto_1304,14
Miasto_959,Miasto_1531,5
Miasto_960,Miasto_1050,12
Miasto_961,Miasto_1171,12
Miasto_961,Miasto_1267,7
Miasto_962,Miasto_1328,15
Miasto_963,Miasto_1090,16
Miasto_963,Miasto_1274,13
Miasto_964,Miasto_1527,17
Miasto_966,Miasto_1082,1
Miasto_966,Miasto_1115,6
Miasto_967,Miasto_1121,10
Miasto_967,Miasto_1212,10
Miasto_969,Miasto_1346,18
Miasto_969,Miasto_1498,10
Miasto_970,Miasto_1246,6
Miasto_971,Miasto_1023,4
Miasto_972,Miasto_1293,6
Miasto_972,Miasto_1350,8
Miasto_973,Miasto_1040,10
Miasto_974,Miasto_1352,15
Miasto_975,Miasto_1006,3
Miasto_975,Miasto_1284,12
Miasto_975,Miasto_1312,12
Miasto_977,Miasto_1064,16
Miasto_978,Miasto_1188,12
Miasto_978,Miasto_1593,2
Miasto_979,Miasto_1072,14
Miasto_979,Miasto_1407,3
Miasto_981,Miasto_1485,15
Miasto_982,Miasto_1448,10
Miasto_983,Miasto_1161,10
Miasto_983,Miasto_1211,5
Miasto_983,Miasto_1391,12
Miasto_984,Miasto_1097,3
Miasto_984,Miasto_1121,18
Miasto_984,Miasto_1212,17
Miasto_985,Miasto_1082,6
Miasto_986,Miasto_1058,12
Miasto_986,Miasto_1571,7
Miasto_987,Miasto_1213,12
Miasto_987,Miasto_1392,4
Miasto_988,Miasto_1024,15
Miasto_988,Miasto_1056,9
Miasto_988,Miasto_1142,1
Miasto_989,Miasto_1199,6
Miasto_990,Miasto_1301,18
Miasto_991,Miasto_1247,3
Miasto_992,Miasto_1338,13
Miasto_992,Miasto_1427,15
Miasto_993,Miasto_1132,18
Miasto_995,Miasto_1520,10
Miasto_995,Miasto_1574,8
Miasto_996,Miasto_1011,8
Miasto_997,Miasto_1117,3
Miasto_997,Miasto_1146,2
Miasto_998,Miasto_1563,13
Miasto_999,Miasto_1056,11
Miasto_1002,Miasto_1295,2
Miasto_1003,Miasto_1012,7
Miasto_1003,Miasto_1063,6
Miasto_1004,Miasto_1194,3
Miasto_1005,Miasto_1362,5
Miasto_1006,Miasto_1271,1
Miasto_1006,Miasto_1408,18
Miasto_1008,Miasto_1133,18
Miasto_1008,Miasto_1141,15
Miasto_1008,Miasto_1311,11
Miasto_1008,Miasto_1586,11
Miasto_1009,Miasto_1375,13
Miasto_1010,Miasto_1192,2
Miasto_1011,Miasto_1023,17
Miasto_1011,Miasto_1074,7
Miasto_1012,Miasto_1347,14
Miasto_1012,Miasto_1443,13
Miasto_1013,Miasto_1096,3
Miasto_1013,Miasto_1323,18
Miasto_1013,Miasto_1484,11
Miasto_1014,Miasto_1204,14
Miasto_1015,Miasto_1541,15
Miasto_1016,Miasto_1066,8
Miasto_1016,Miasto_1102,10
Miasto_1016,Miasto_1338,8
Miasto_1016,Miasto_1427,2
Miasto_1017,Miasto_1216,12
Miasto_1017,Miasto_1262,12
Miasto_1017,Miasto_1325,1
Miasto_1018,Miasto_1459,8
Miasto_1018,Miasto_1573,8
Miasto_1020,Miasto_1579,11
Miasto_1021,Miasto_1089,1
Miasto_1021,Miasto_1236,5
Miasto_1021,Miasto_1301,13
Miasto_1022,Miasto_1070,17
Miasto_1022,Miasto_1424,1
Miasto_1022,Miasto_1530,6
Miasto_1022,Miasto_1582,3
Miasto_1023,Miasto_1341,16
Miasto_1024,Miasto_1069,16
Miasto_1024,Miasto_1281,1
Miasto_1025,Miasto_1342,1
Miasto_1025,Miasto_1442,3
Miasto_1026,Miasto_1086,9
Miasto_1028,Miasto_1236,17
Miasto_1028,Miasto_1398,1
Miasto_1029,Miasto_1120,1
Miasto_1029,Miasto_1272,18
Miasto_1029,Miasto_1480,13
Miasto_1030,Miasto_1192,13
Miasto_1030,Miasto_1361,1
Miasto_1031,Miasto_1513,1
Miasto_1031,Miasto_1554,12
Miasto_1032,Miasto_1033,3
Miasto_1032,Miasto_1243,14
Miasto_1033,Miasto_1467,7
Miasto_1034,Miasto_1481,10
Miasto_1034,Miasto_1516,17
Miasto_1035,Miasto_1178,18
Miasto_1035,Miasto_1349,17
Miasto_1035,Miasto_1473,1
Miasto_1035,Miasto_1533,17
Miasto_1036,Miasto_1080,7
Miasto_1036,Miasto_1225,6
Miasto_1037,Miasto_1120,14
Miasto_1037,Miasto_1335,14
Miasto_1038,Miasto_1518,18
Miasto_1039,Miasto_1090,2
Miasto_1039,Miasto_1128,5
Miasto_1041,Miasto_1377,11
Miasto_1042,Miasto_1394,7
Miasto_1042,Miasto_1415,9
Miasto_1043,Miasto_1070,10
Miasto_1043,Miasto_1424,5
Miasto_1045,Miasto_1087,9
Miasto_1045,Miasto_1504,10
Miasto_1046,Miasto_1464,12
Miasto_1047,Miasto_1382,1
Miasto_1048,Miasto_1384,14
Miasto_1049,Miasto_1102,2
Miasto_1049,Miasto_1112,14
Miasto_1049,Miasto_1229,16
Miasto_1049,Miasto_1344,8
Miasto_1050,Miasto_1136,16
Miasto_1051,Miasto_1190,6
Miasto_1051,Miasto_1230,14
Miasto_1053,Miasto_1116,17
Miasto_1053,Miasto_1321,5
Miasto_1054,Miasto_1165,5
Miasto_1055,Miasto_1175,1
Miasto_1056,Miasto_1281,17
Miasto_1057,Miasto_1208,9
Miasto_1057,Miasto_1389,11
Miasto_1058,Miasto_1173,7
Miasto_1059,Miasto_1066,6
Miasto_1059,Miasto_1206,1
Miasto_1059,Miasto_1427,17
Miasto_1060,Miasto_1065,14
Miasto_1063,Miasto_1107,16
Miasto_1063,Miasto_1121,5
Miasto_1064,Miasto_1075,6
Miasto_1066,Miasto_1577,14
Miasto_1067,Miasto_1297,7
Miasto_1067,Miasto_1402,11
Miasto_1068,Miasto_1528,4
Miasto_1072,Miasto_1375,9
Miasto_1074,Miasto_1341,4
Miasto_1074,Miasto_1581,6
Miasto_1076,Miasto_1306,15
Miasto_1077,Miasto_1411,2
Miasto_1077,Miasto_1495,12
Miasto_1078,Miasto_1498,6
Miasto_1080,Miasto_1219,4
Miasto_1083,Miasto_1122,17
Miasto_1084,Miasto_1227,17
Miasto_1084,Miasto_1521,16
Miasto_1085,Miasto_1127,10
Miasto_1085,Miasto_1180,15
Miasto_1086,Miasto_1451,2
Miasto_1088,Miasto_1395,8
Miasto_1089,Miasto_1319,1
Miasto_1089,Miasto_1494,9
Miasto_1090,Miasto_1387,6
Miasto_1091,Miasto_1296,13
Miasto_1091,Miasto_1432,2
Miasto_1092,Miasto_1276,18
Miasto_1093,Miasto_1380,12
Miasto_1093,Miasto_1573,11
Miasto_1095,Miasto_1517,7
Miasto_1097,Miasto_1427,3
Miasto_1098,Miasto_1239,15
Miasto_1099,Miasto_1104,13
Miasto_1099,Miasto_1221,10
Miasto_1099,Miasto_1444,16
Miasto_1100,Miasto_1459,14
Miasto_1101,Miasto_1317,4
Miasto_1101,Miasto_1389,18
Miasto_1101,Miasto_1545,17
Miasto_1102,Miasto_1577,1
Miasto_1105,Miasto_1187,7
Miasto_1105,Miasto_1525,4
Miasto_1106,Miasto_1461,11
Miasto_1107,Miasto_1125,6
Miasto_1107,Miasto_1214,5
Miasto_1108,Miasto_1145,17
Miasto_1108,Miasto_1374,11
Miasto_1110,Miasto_1228,16
Miasto_1111,Miasto_1588,7
Miasto_1112,Miasto_1164,7
Miasto_1112,Miasto_1345,5
Miasto_1113,Miasto_1164,14
Miasto_1113,Miasto_1353,8
Miasto_1113,Miasto_1528,8
Miasto_1119,Miasto_1504,10
Miasto_1122,Miasto_1258,12
Miasto_1122,Miasto_1309,2
Miasto_1123,Miasto_1262,4
Miasto_1123,Miasto_1512,3
Miasto_1124,Miasto_1508,7
Miasto_1125,Miasto_1201,9
Miasto_1125,Miasto_1397,5
Miasto_1126,Miasto_1326,15
Miasto_1129,Miasto_1179,2
Miasto_1134,Miasto_1305,9
Miasto_1135,Miasto_1141,3
Miasto_1135,Miasto_1316,1
Miasto_1135,Miasto_1560,6
Miasto_1136,Miasto_1181,10
Miasto_1137,Miasto_1359,4
Miasto_1138,Miasto_1170,3
Miasto_1138,Miasto_1195,2
Miasto_1140,Miasto_1167,1
Miasto_1140,Miasto_1348,3
Miasto_1141,Miasto_1460,6
Miasto_1142,Miasto_1149,12
Miasto_1142,Miasto_1594,10
Miasto_1143,Miasto_1551,14
Miasto_1144,Miasto_1368,16
Miasto_1144,Miasto_1380,14
Miasto_1144,Miasto_1524,13
Miasto_1146,Miasto_1310,11
Miasto_1147,Miasto_1172,10
Miasto_1147,Miasto_1478,10
Miasto_1148,Miasto_1185,16
Miasto_1148,Miasto_1220,6
Miasto_1149,Miasto_1153,3
Miasto_1149,Miasto_1367,11
Miasto_1150,Miasto_1464,9
Miasto_1150,Miasto_1465,12
Miasto_1151,Miasto_1307,18
Miasto_1151,Miasto_1320,15
Miasto_1152,Miasto_1517,18
Miasto_1153,Miasto_1235,1
Miasto_1153,Miasto_1594,11
Miasto_1154,Miasto_1357,7
Miasto_1155,Miasto_1175,2
Miasto_1155,Miasto_1326,5
Miasto_1156,Miasto_1210,11
Miasto_1156,Miasto_1253,7
Miasto_1157,Miasto_1481,13
Miasto_1157,Miasto_1561,3
Miasto_1158,Miasto_1425,16
Miasto_1159,Miasto_1539,10
Miasto_1160,Miasto_1287,9
Miasto_1160,Miasto_1466,10
Miasto_1160,Miasto_1487,5
Miasto_1161,Miasto_1349,3
Miasto_1166,Miasto_1195,3
Miasto_1166,Miasto_1296,7
Miasto_1167,Miasto_1574,8
Miasto_1169,Miasto_1249,17
Miasto_1170,Miasto_1445,18
Miasto_1171,Miasto_1410,7
Miasto_1172,Miasto_1393,15
Miasto_1173,Miasto_1363,6
Miasto_1174,Miasto_1185,8
Miasto_1174,Miasto_1209,5
Miasto_1174,Miasto_1596,13
Miasto_1175,Miasto_1376,3
Miasto_1178,Miasto_1265,15
Miasto_1178,Miasto_1426,12
Miasto_1179,Miasto_1197,7
Miasto_1182,Miasto_1440,11
Miasto_1185,Miasto_1515,16
Miasto_1185,Miasto_1549,12
Miasto_1186,Miasto_1381,4
Miasto_1188,Miasto_1222,1
Miasto_1188,Miasto_1241,1
Miasto_1189,Miasto_1421,18
Miasto_1189,Miasto_1585,7
Miasto_1190,Miasto_1521,5
Miasto_1191,Miasto_1537,7
Miasto_1191,Miasto_1560,15
Miasto_1193,Miasto_1540,4
Miasto_1194,Miasto_1434,16
Miasto_1196,Miasto_1356,12
Miasto_1196,Miasto_1555,7
Miasto_1198,Miasto_1505,6
Miasto_1199,Miasto_1293,6
Miasto_1200,Miasto_1475,10
Miasto_1201,Miasto_1436,17
Miasto_1205,Miasto_1232,9
Miasto_1206,Miasto_1414,11
Miasto_1207,Miasto_1567,11
Miasto_1207,Miasto_1598,5
Miasto_1208,Miasto_1493,10
Miasto_1208,Miasto_1502,8
Miasto_1210,Miasto_1358,9
Miasto_1210,Miasto_1448,12
Miasto_1211,Miasto_1285,18
Miasto_1211,Miasto_1578,1
Miasto_1215,Miasto_1241,5
Miasto_1216,Miasto_1569,12
Miasto_1217,Miasto_1522,17
Miasto_1219,Miasto_1225,5
Miasto_1221,Miasto_1244,14
Miasto_1222,Miasto_1322,11
Miasto_1222,Miasto_1370,5
Miasto_1223,Miasto_1546,18
Miasto_1225,Miasto_1443,14
Miasto_1229,Miasto_1345,18
Miasto_1229,Miasto_1577,12
Miasto_1230,Miasto_1470,15
Miasto_1230,Miasto_1522,1
Miasto_1231,Miasto_1352,3
Miasto_1232,Miasto_1510,5
Miasto_1232,Miasto_1585,6
Miasto_1233,Miasto_1250,2
Miasto_1233,Miasto_1534,6
Miasto_1234,Miasto_1579,18
Miasto_1235,Miasto_1329,18
Miasto_1235,Miasto_1367,6
Miasto_1237,Miasto_1293,13
Miasto_1237,Miasto_1453,15
Miasto_1237,Miasto_1459,6
Miasto_1238,Miasto_1369,9
Miasto_1238,Miasto_1431,12
Miasto_1238,Miasto_1446,5
Miasto_1240,Miasto_1439,7
Miasto_1240,Miasto_1478,12
Miasto_1240,Miasto_1535,5
Miasto_1241,Miasto_1370,9
Miasto_1242,Miasto_1279,18
Miasto_1243,Miasto_1413,14
Miasto_1249,Miasto_1364,2
Miasto_1249,Miasto_1409,14
Miasto_1251,Miasto_1381,12
Miasto_1251,Miasto_1432,7
Miasto_1253,Miasto_1358,9
Miasto_1254,Miasto_1449,9
Miasto_1255,Miasto_1290,2
Miasto_1256,Miasto_1269,6
Miasto_1256,Miasto_1428,9
Miasto_1259,Miasto_1401,5
Miasto_1259,Miasto_1475,15
Miasto_1260,Miasto_1385,15
Miasto_1263,Miasto_1384,1
Miasto_1264,Miasto_1550,14
Miasto_1265,Miasto_1533,10
Miasto_1266,Miasto_1450,1
Miasto_1267,Miasto_1489,1
Miasto_1268,Miasto_1483,12
Miasto_1271,Miasto_1312,17
Miasto_1271,Miasto_1374,7
Miasto_1272,Miasto_1361,15
Miasto_1272,Miasto_1548,6
Miasto_1273,Miasto_1316,9
Miasto_1273,Miasto_1486,5
Miasto_1274,Miasto_1387,18
Miasto_1274,Miasto_1390,2
Miasto_1278,Miasto_1514,7
Miasto_1282,Miasto_1343,11
Miasto_1282,Miasto_1570,17
Miasto_1285,Miasto_1391,8
Miasto_1286,Miasto_1330,3
Miasto_1286,Miasto_1457,18
Miasto_1288,Miasto_1461,17
Miasto_1289,Miasto_1488,2
Miasto_1290,Miasto_1592,3
Miasto_1291,Miasto_1437,11
Miasto_1291,Miasto_1546,9
Miasto_1293,Miasto_1406,4
Miasto_1294,Miasto_1589,11
Miasto_1295,Miasto_1378,12
Miasto_1296,Miasto_1476,4
Miasto_1297,Miasto_1599,10
Miasto_1298,Miasto_1411,18
Miasto_1299,Miasto_1569,9
Miasto_1301,Miasto_1319,10
Miasto_1302,Miasto_1307,5
Miasto_1302,Miasto_1320,6
Miasto_1302,Miasto_1404,13
Miasto_1303,Miasto_1361,15
Miasto_1303,Miasto_1417,4
Miasto_1303,Miasto_1548,5
Miasto_1305,Miasto_1556,1
Miasto_1306,Miasto_1441,4
Miasto_1306,Miasto_1581,3
Miasto_1311,Miasto_1313,1
Miasto_1311,Miasto_1460,5
Miasto_1313,Miasto_1586,13
Miasto_1315,Miasto_1404,13
Miasto_1316,Miasto_1460,10
Miasto_1319,Miasto_1505,11
Miasto_1324,Miasto_1473,14
Miasto_1324,Miasto_1533,9
Miasto_1326,Miasto_1334,17
Miasto_1326,Miasto_1499,8
Miasto_1328,Miasto_1351,12
Miasto_1328,Miasto_1583,9
Miasto_1329,Miasto_1568,17
Miasto_1332,Miasto_1532,4
Miasto_1333,Miasto_1504,15
Miasto_1342,Miasto_1520,16
Miasto_1342,Miasto_1574,5
Miasto_1344,Miasto_1497,2
Miasto_1346,Miasto_1542,7
Miasto_1347,Miasto_1571,1
Miasto_1348,Miasto_1597,5
Miasto_1349,Miasto_1426,1
Miasto_1350,Miasto_1508,18
Miasto_1354,Miasto_1455,9
Miasto_1355,Miasto_1568,15
Miasto_1356,Miasto_1489,13
Miasto_1356,Miasto_1580,10
Miasto_1357,Miasto_1548,7
Miasto_1359,Miasto_1591,1
Miasto_1362,Miasto_1419,5
Miasto_1366,Miasto_1577,8
Miasto_1368,Miasto_1388,17
Miasto_1369,Miasto_1588,9
Miasto_1371,Miasto_1485,6
Miasto_1371,Miasto_1510,13
Miasto_1372,Miasto_1386,10
Miasto_1373,Miasto_1432,17
Miasto_1377,Miasto_1503,6
Miasto_1377,Miasto_1558,3
Miasto_1378,Miasto_1539,18
Miasto_1379,Miasto_1486,14
Miasto_1387,Miasto_1565,16
Miasto_1389,Miasto_1526,13
Miasto_1390,Miasto_1565,13
Miasto_1393,Miasto_1502,5
Miasto_1395,Miasto_1527,11
Miasto_1397,Miasto_1436,3
Miasto_1399,Miasto_1511,17
Miasto_1400,Miasto_1420,14
Miasto_1400,Miasto_1442,16
Miasto_1402,Miasto_1524,15
Miasto_1403,Miasto_1421,17
Miasto_1403,Miasto_1585,5
Miasto_1406,Miasto_1453,18
Miasto_1407,Miasto_1455,15
Miasto_1407,Miasto_1529,7
Miasto_1408,Miasto_1440,3
Miasto_1408,Miasto_1457,1
Miasto_1416,Miasto_1580,4
Miasto_1423,Miasto_1431,11
Miasto_1423,Miasto_1448,18
Miasto_1423,Miasto_1452,4
Miasto_1425,Miasto_1532,5
Miasto_1430,Miasto_1491,1
Miasto_1432,Miasto_1476,15
Miasto_1434,Miasto_1449,12
Miasto_1438,Miasto_1505,2
Miasto_1441,Miasto_1500,14
Miasto_1442,Miasto_1520,3
Miasto_1446,Miasto_1554,15
Miasto_1450,Miasto_1483,8
Miasto_1450,Miasto_1514,4
Miasto_1458,Miasto_1508,2
Miasto_1458,Miasto_1516,17
Miasto_1462,Miasto_1557,14
Miasto_1465,Miasto_1553,14
Miasto_1467,Miasto_1477,2
Miasto_1468,Miasto_1529,7
Miasto_1468,Miasto_1535,2
Miasto_1469,Miasto_1576,1
Miasto_1484,Miasto_1536,5
Miasto_1485,Miasto_1553,18
Miasto_1489,Miasto_1555,13
Miasto_1491,Miasto_1570,1
Miasto_1494,Miasto_1505,3
Miasto_1498,Miasto_1513,11
Miasto_1500,Miasto_1581,8
Miasto_1511,Miasto_1541,3
Miasto_1514,Miasto_1595,1
Miasto_1526,Miasto_1545,12
Miasto_1532,Miasto_1572,5
Miasto_1538,Miasto_1590,12
Miasto_1542,Miasto_1544,14
Miasto_1549,Miasto_1596,5
Miasto_1567,Miasto_1591,7
